,idDate,wind,temperature_mean
0,2015/11/28,4.0,12.0
1,2015/11/29,3.0,12.0
2,2012/06/19,10.0,27.0
3,2015/11/20,6.0,14.0
4,2015/11/21,22.0,15.0
5,2015/11/22,7.0,10.0
6,2015/11/23,12.0,8.0
7,2015/11/24,6.0,8.0
8,2015/11/25,8.0,9.0
9,2015/11/26,18.0,14.0
10,2015/11/27,17.0,12.0
11,2013/10/25,8.0,22.0
12,2013/10/24,4.0,20.0
13,2013/10/27,4.0,22.0
14,2013/10/26,11.0,25.0
15,2013/10/21,4.0,20.0
16,2013/10/20,3.0,21.0
17,2013/10/23,8.0,22.0
18,2013/10/22,6.0,20.0
19,2007/05/19,7.0,20.0
20,2013/10/29,14.0,18.0
21,2013/10/28,3.0,20.0
22,2012/10/28,12.0,53.0
23,2012/10/29,4.0,10.0
24,2011/06/17,6.0,24.0
25,2012/10/20,11.0,24.0
26,2012/10/21,14.0,19.0
27,2012/10/22,17.0,19.0
28,2012/10/23,4.0,18.0
29,2012/10/24,4.0,18.0
30,2012/10/25,5.0,18.0
31,2012/10/26,16.0,20.0
32,2012/10/27,18.0,18.0
33,2015/10/09,6.0,19.0
34,2015/10/08,7.0,18.0
35,2015/10/05,11.0,24.0
36,2015/10/04,6.0,20.0
37,2015/10/07,7.0,21.0
38,2015/10/06,15.0,24.0
39,2015/10/01,8.0,20.0
40,2015/10/03,5.0,21.0
41,2015/10/02,6.0,19.0
42,2014/11/29,10.0,18.0
43,2014/11/28,12.0,18.0
44,2014/11/21,5.0,18.0
45,2014/11/20,5.0,16.0
46,2014/11/23,3.0,19.0
47,2014/11/22,1.0,63.0
48,2014/11/25,2.0,18.0
49,2014/11/24,5.0,18.0
50,2014/11/27,6.0,16.0
51,2014/11/26,4.0,16.0
52,2006/05/14,9.0,19.0
53,2006/05/17,6.0,21.0
54,2009/11/16,3.0,16.0
55,2009/11/17,1.0,16.0
56,2009/11/14,3.0,15.0
57,2009/11/15,2.0,15.0
58,2009/11/18,9.0,15.0
59,2006/07/23,9.0,27.0
60,2014/06/07,5.0,78.0
61,2014/06/06,4.0,22.0
62,2014/06/05,18.0,22.0
63,2014/06/04,6.0,20.0
64,2014/06/03,8.0,18.0
65,2014/06/02,12.0,20.0
66,2014/06/01,12.0,18.0
67,2014/06/09,5.0,24.0
68,2014/06/08,5.0,26.0
69,2011/05/18,5.0,18.0
70,2011/05/19,12.0,18.0
71,2011/05/14,6.0,20.0
72,2011/05/15,22.0,18.0
73,2011/05/16,7.0,16.0
74,2011/05/17,6.0,16.0
75,2011/05/10,7.0,20.0
76,2011/05/11,6.0,16.0
77,2011/05/12,5.0,16.0
78,2011/05/13,6.0,19.0
79,2011/09/25,8.0,24.0
80,2011/09/24,4.0,21.0
81,2011/09/27,4.0,22.0
82,2011/09/26,3.0,22.0
83,2011/09/21,6.0,20.0
84,2006/04/16,8.0,16.0
85,2011/09/23,5.0,21.0
86,2011/09/22,5.0,21.0
87,2009/10/11,4.0,20.0
88,2009/10/10,4.0,22.0
89,2009/10/13,10.0,18.0
90,2009/10/12,5.0,20.0
91,2011/09/29,5.0,24.0
92,2011/09/28,8.0,22.0
93,2009/10/17,5.0,15.0
94,2009/10/16,7.0,14.0
95,2009/12/22,16.0,16.0
96,2006/06/18,9.0,26.0
97,2006/03/05,17.0,10.0
98,2010/10/21,6.0,16.0
99,2014/05/24,6.0,18.0
100,2014/05/25,9.0,20.0
101,2014/05/26,7.0,16.0
102,2014/05/27,7.0,17.0
103,2014/05/20,9.0,19.0
104,2014/05/21,13.0,20.0
105,2014/05/22,10.0,19.0
106,2014/05/23,11.0,17.0
107,2011/03/12,12.0,14.0
108,2011/03/13,11.0,14.0
109,2011/03/10,5.0,10.0
110,2011/03/11,9.0,10.0
111,2014/05/28,8.0,20.0
112,2014/05/29,7.0,19.0
113,2011/03/14,13.0,14.0
114,2011/03/15,17.0,15.0
115,2007/12/30,3.0,8.0
116,2014/01/20,16.0,12.0
117,2014/01/21,14.0,10.0
118,2014/01/22,4.0,7.0
119,2014/01/23,4.0,9.0
120,2014/01/24,14.0,10.0
121,2014/01/25,6.0,12.0
122,2014/01/26,9.0,12.0
123,2014/01/27,10.0,13.0
124,2014/01/28,22.0,12.0
125,2014/01/29,22.0,12.0
126,2011/11/30,2.0,14.0
127,2011/07/16,7.0,23.0
128,2011/07/17,9.0,24.0
129,2011/07/14,8.0,24.0
130,2011/07/15,7.0,23.0
131,2011/07/12,5.0,26.0
132,2011/07/13,12.0,26.0
133,2011/07/10,11.0,26.0
134,2011/07/11,13.0,28.0
135,2011/07/18,18.0,24.0
136,2011/07/19,12.0,26.0
137,2006/12/25,9.0,11.0
138,2016/03/31,11.0,16.0
139,2016/03/30,4.0,16.0
140,2006/12/10,6.0,10.0
141,2016/01/22,4.0,9.0
142,2006/08/20,12.0,25.0
143,2013/01/26,6.0,7.0
144,2016/01/20,4.0,9.0
145,2006/08/29,8.0,26.0
146,2013/01/24,18.0,9.0
147,2016/01/26,4.0,12.0
148,2016/01/27,4.0,12.0
149,2016/01/24,2.0,12.0
150,2016/01/25,3.0,12.0
151,2013/03/21,4.0,9.0
152,2015/06/25,8.0,24.0
153,2015/06/26,8.0,22.0
154,2013/03/22,4.0,12.0
155,2015/06/20,9.0,22.0
156,2010/05/26,5.0,18.0
157,2015/06/21,7.0,22.0
158,2010/07/28,6.0,24.0
159,2010/07/29,6.0,24.0
160,2015/06/22,6.0,22.0
161,2010/07/22,6.0,26.0
162,2010/07/20,7.0,26.0
163,2015/06/23,7.0,24.0
164,2010/07/26,7.0,24.0
165,2010/07/27,8.0,22.0
166,2010/07/24,11.0,24.0
167,2010/07/25,8.0,24.0
168,2016/05/02,10.0,12.0
169,2016/05/03,6.0,12.0
170,2016/05/04,7.0,14.0
171,2016/05/05,6.0,16.0
172,2016/05/06,12.0,17.0
173,2009/12/29,11.0,16.0
174,2008/10/21,6.0,20.0
175,2009/12/27,10.0,12.0
176,2008/10/23,20.0,16.0
177,2009/12/25,16.0,14.0
178,2008/10/25,15.0,17.0
179,2008/10/24,7.0,16.0
180,2009/12/20,3.0,4.0
181,2008/10/26,10.0,19.0
182,2012/11/30,4.0,8.0
183,2009/11/19,7.0,15.0
184,2006/12/16,5.0,12.0
185,2013/10/18,4.0,22.0
186,2013/10/19,4.0,71.0
187,2013/10/10,5.0,19.0
188,2013/10/11,10.0,18.0
189,2013/10/12,10.0,22.0
190,2013/10/13,4.0,20.0
191,2013/10/14,5.0,20.0
192,2013/10/15,8.0,21.0
193,2013/10/16,6.0,23.0
194,2015/11/30,4.0,10.0
195,2013/12/12,2.0,11.0
196,2013/12/13,3.0,9.0
197,2013/12/10,2.0,10.0
198,2013/12/11,3.0,10.0
199,2013/12/16,4.0,10.0
200,2013/12/17,5.0,12.0
201,2013/12/14,3.0,10.0
202,2013/12/15,4.0,10.0
203,2013/12/18,3.0,10.0
204,2013/12/19,15.0,12.0
205,2012/10/31,13.0,15.0
206,2012/10/30,6.0,13.0
207,2015/10/30,5.0,17.0
208,2015/10/31,5.0,16.0
209,2014/11/18,4.0,12.0
210,2014/11/19,1.0,13.0
211,2014/11/14,7.0,16.0
212,2014/11/15,17.0,17.0
213,2014/11/16,21.0,18.0
214,2014/11/17,22.0,14.0
215,2014/11/10,2.0,15.0
216,2014/11/11,10.0,13.0
217,2014/11/12,13.0,16.0
218,2014/11/13,7.0,14.0
219,2009/11/01,3.0,16.0
220,2009/11/02,16.0,20.0
221,2009/11/05,7.0,14.0
222,2009/11/04,3.0,18.0
223,2009/11/07,11.0,14.0
224,2009/11/08,27.0,14.0
225,2009/04/06,4.0,14.0
226,2009/04/05,4.0,10.0
227,2011/05/03,9.0,17.0
228,2011/05/02,20.0,17.0
229,2011/05/01,6.0,17.0
230,2009/04/04,3.0,12.0
231,2011/05/07,18.0,20.0
232,2011/05/06,12.0,19.0
233,2011/05/05,6.0,16.0
234,2011/05/04,6.0,16.0
235,2009/04/03,3.0,11.0
236,2011/05/09,5.0,17.0
237,2011/05/08,9.0,20.0
238,2008/11/06,6.0,12.0
239,2011/09/18,9.0,24.0
240,2011/09/19,9.0,20.0
241,2008/11/07,4.0,12.0
242,2011/09/10,5.0,25.0
243,2011/09/11,5.0,23.0
244,2012/04/30,16.0,16.0
245,2011/09/13,6.0,23.0
246,2011/09/14,6.0,24.0
247,2011/09/15,6.0,24.0
248,2011/09/16,6.0,23.0
249,2010/10/05,5.0,20.0
250,2011/04/22,16.0,18.0
251,2011/04/23,8.0,17.0
252,2011/04/20,8.0,16.0
253,2011/04/21,19.0,18.0
254,2011/04/26,4.0,17.0
255,2011/04/27,4.0,16.0
256,2011/04/24,12.0,16.0
257,2011/04/25,21.0,17.0
258,2009/10/24,7.0,18.0
259,2009/10/25,3.0,18.0
260,2009/10/26,2.0,18.0
261,2009/10/27,3.0,16.0
262,2011/08/28,6.0,21.0
263,2011/08/29,6.0,24.0
264,2011/08/26,7.0,25.0
265,2011/08/27,15.0,24.0
266,2011/08/24,6.0,26.0
267,2011/08/25,6.0,26.0
268,2011/08/22,9.0,28.0
269,2011/08/23,6.0,26.0
270,2011/08/20,7.0,27.0
271,2011/08/21,6.0,27.0
272,2006/03/30,5.0,12.0
273,2014/05/31,7.0,19.0
274,2014/05/30,6.0,18.0
275,2011/03/09,15.0,10.0
276,2011/03/08,18.0,12.0
277,2011/03/01,13.0,8.0
278,2011/03/03,4.0,9.0
279,2011/03/02,3.0,7.0
280,2011/03/05,4.0,9.0
281,2011/03/04,5.0,10.0
282,2011/03/07,9.0,10.0
283,2011/03/06,4.0,9.0
284,2016/02/27,21.0,10.0
285,2016/02/26,8.0,10.0
286,2016/02/25,14.0,12.0
287,2016/02/24,7.0,10.0
288,2016/02/23,5.0,12.0
289,2016/02/22,7.0,15.0
290,2014/01/31,5.0,8.0
291,2014/01/30,9.0,6.0
292,2016/02/29,9.0,9.0
293,2016/02/28,4.0,8.0
294,2011/07/05,8.0,24.0
295,2011/07/04,11.0,28.0
296,2011/07/07,6.0,26.0
297,2011/07/06,8.0,24.0
298,2011/07/01,6.0,23.0
299,2011/07/03,5.0,26.0
300,2011/07/02,7.0,24.0
301,2011/07/09,8.0,28.0
302,2011/07/08,10.0,27.0
303,2010/09/02,7.0,22.0
304,2010/09/03,8.0,22.0
305,2010/09/01,7.0,22.0
306,2012/04/27,6.0,23.0
307,2012/03/06,4.0,8.0
308,2010/09/07,8.0,22.0
309,2010/02/25,15.0,14.0
310,2010/09/04,5.0,22.0
311,2012/08/24,7.0,26.0
312,2012/03/05,9.0,12.0
313,2012/08/27,6.0,24.0
314,2010/02/26,16.0,14.0
315,2012/08/30,9.0,26.0
316,2012/08/31,14.0,23.0
317,2010/02/21,4.0,8.0
318,2010/09/08,9.0,24.0
319,2012/08/20,6.0,28.0
320,2012/09/17,5.0,22.0
321,2010/09/09,6.0,22.0
322,2010/02/23,11.0,18.0
323,2012/09/16,4.0,21.0
324,2012/08/22,5.0,27.0
325,2012/09/15,5.0,20.0
326,2006/04/09,6.0,15.0
327,2012/09/14,9.0,22.0
328,2006/08/30,13.0,23.0
329,2012/09/13,14.0,21.0
330,2012/09/12,7.0,22.0
331,2010/06/30,6.0,23.0
332,2012/09/11,6.0,24.0
333,2012/09/10,6.0,22.0
334,2012/08/28,6.0,26.0
335,2013/11/28,11.0,7.0
336,2013/11/29,5.0,6.0
337,2013/11/26,11.0,8.0
338,2013/11/27,7.0,6.0
339,2013/11/24,5.0,9.0
340,2013/11/25,3.0,10.0
341,2013/11/22,16.0,10.0
342,2013/11/23,6.0,9.0
343,2013/11/20,8.0,8.0
344,2013/11/21,16.0,10.0
345,2009/12/31,14.0,13.0
346,2008/11/10,4.0,14.0
347,2011/04/10,6.0,18.0
348,2013/03/03,6.0,9.0
349,2010/07/31,7.0,24.0
350,2010/07/30,8.0,25.0
351,2016/05/17,7.0,18.0
352,2008/10/18,7.0,20.0
353,2008/10/19,9.0,20.0
354,2016/05/11,13.0,16.0
355,2016/05/10,9.0,18.0
356,2008/10/14,5.0,20.0
357,2008/10/15,5.0,20.0
358,2008/10/16,5.0,20.0
359,2008/10/17,4.0,18.0
360,2008/10/10,19.0,22.0
361,2009/12/30,6.0,14.0
362,2008/10/12,14.0,24.0
363,2008/10/13,6.0,22.0
364,2012/11/27,7.0,12.0
365,2012/11/26,3.0,14.0
366,2012/11/25,2.0,13.0
367,2012/11/24,3.0,14.0
368,2012/11/23,2.0,13.0
369,2012/11/22,4.0,16.0
370,2012/11/21,3.0,14.0
371,2012/11/20,3.0,13.0
372,2012/11/29,15.0,10.0
373,2012/11/28,9.0,10.0
374,2011/01/30,5.0,8.0
375,2013/10/09,6.0,19.0
376,2013/10/08,4.0,19.0
377,2013/10/07,4.0,20.0
378,2013/10/06,6.0,20.0
379,2013/10/05,10.0,24.0
380,2013/10/04,12.0,26.0
381,2013/10/03,11.0,24.0
382,2013/10/02,3.0,24.0
383,2013/10/01,7.0,24.0
384,2013/12/01,17.0,10.0
385,2013/12/03,9.0,14.0
386,2013/12/02,12.0,10.0
387,2013/12/05,3.0,10.0
388,2013/12/04,2.0,12.0
389,2013/12/07,2.0,9.0
390,2013/12/06,3.0,9.0
391,2013/12/09,3.0,11.0
392,2013/12/08,2.0,8.0
393,2010/04/20,5.0,16.0
394,2015/10/27,4.0,18.0
395,2015/10/26,4.0,18.0
396,2015/10/25,6.0,18.0
397,2015/10/24,4.0,16.0
398,2015/10/23,4.0,16.0
399,2015/10/22,5.0,14.0
400,2015/10/21,19.0,16.0
401,2015/10/20,21.0,20.0
402,2015/10/29,6.0,16.0
403,2015/10/28,18.0,18.0
404,2014/11/03,7.0,17.0
405,2014/11/02,4.0,18.0
406,2014/11/01,4.0,18.0
407,2014/11/07,4.0,14.0
408,2014/11/06,3.0,14.0
409,2014/11/05,4.0,12.0
410,2014/11/04,30.0,18.0
411,2014/11/09,5.0,64.0
412,2014/11/08,6.0,17.0
413,2014/10/22,17.0,20.0
414,2014/10/23,5.0,18.0
415,2014/10/20,3.0,21.0
416,2014/10/21,4.0,22.0
417,2014/10/26,3.0,19.0
418,2014/10/27,4.0,20.0
419,2014/10/24,5.0,17.0
420,2014/10/25,4.0,19.0
421,2014/10/28,4.0,19.0
422,2014/10/29,2.0,64.0
423,2008/12/14,17.0,9.0
424,2008/12/12,12.0,10.0
425,2008/12/13,10.0,8.0
426,2008/12/11,11.0,6.0
427,2008/12/18,8.0,11.0
428,2012/02/18,0.0,7.0
429,2012/02/19,1.0,8.0
430,2012/02/12,6.0,4.0
431,2012/02/13,7.0,4.0
432,2010/08/10,7.0,25.0
433,2010/08/11,6.0,24.0
434,2012/02/16,3.0,8.0
435,2010/08/17,6.0,24.0
436,2010/08/14,12.0,22.0
437,2012/02/15,7.0,6.0
438,2012/04/29,17.0,16.0
439,2012/04/28,11.0,20.0
440,2015/08/19,8.0,26.0
441,2011/09/09,5.0,23.0
442,2011/09/08,6.0,23.0
443,2012/04/21,7.0,15.0
444,2012/04/20,11.0,16.0
445,2011/09/05,6.0,24.0
446,2011/09/04,7.0,24.0
447,2012/04/25,6.0,13.0
448,2012/04/24,11.0,16.0
449,2011/09/01,5.0,26.0
450,2012/04/26,4.0,16.0
451,2011/04/30,17.0,18.0
452,2009/10/31,3.0,18.0
453,2009/10/30,2.0,17.0
454,2007/06/23,15.0,24.0
455,2015/09/30,11.0,20.0
456,2011/08/31,6.0,24.0
457,2011/08/30,7.0,26.0
458,2011/03/31,5.0,12.0
459,2007/02/25,9.0,13.0
460,2015/01/30,27.0,14.0
461,2015/01/31,18.0,12.0
462,2011/07/30,4.0,24.0
463,2011/07/31,6.0,23.0
464,2011/03/18,8.0,14.0
465,2011/03/19,7.0,12.0
466,2010/01/08,27.0,9.0
467,2010/01/09,11.0,6.0
468,2010/01/02,8.0,10.0
469,2010/01/03,3.0,8.0
470,2010/01/01,39.0,12.0
471,2010/01/06,5.0,9.0
472,2010/01/07,8.0,12.0
473,2006/01/19,7.0,10.0
474,2006/07/12,6.0,26.0
475,2011/04/28,5.0,16.0
476,2011/03/17,10.0,14.0
477,2012/08/25,5.0,28.0
478,2008/12/27,6.0,10.0
479,2010/02/27,5.0,14.0
480,2012/08/26,19.0,26.0
481,2012/08/21,4.0,26.0
482,2010/02/20,11.0,10.0
483,2012/08/23,5.0,28.0
484,2010/02/22,15.0,14.0
485,2012/08/29,6.0,26.0
486,2010/02/28,8.0,14.0
487,2014/12/16,3.0,10.0
488,2006/08/04,17.0,26.0
489,2008/12/22,3.0,8.0
490,2008/12/21,3.0,9.0
491,2008/12/20,5.0,10.0
492,2010/06/21,7.0,20.0
493,2010/06/20,13.0,19.0
494,2010/06/23,6.0,18.0
495,2010/06/22,8.0,19.0
496,2010/06/25,6.0,22.0
497,2010/06/24,6.0,20.0
498,2010/06/27,7.0,22.0
499,2010/06/26,8.0,22.0
500,2010/06/28,6.0,22.0
501,2008/07/15,9.0,22.0
502,2006/09/24,8.0,22.0
503,2006/09/23,6.0,25.0
504,2006/09/22,12.0,25.0
505,2013/11/30,4.0,5.0
506,2008/07/11,6.0,24.0
507,2015/06/08,6.0,22.0
508,2015/06/09,7.0,22.0
509,2012/10/08,6.0,22.0
510,2015/06/02,7.0,20.0
511,2015/06/03,7.0,20.0
512,2010/07/06,5.0,25.0
513,2015/06/01,7.0,20.0
514,2015/06/06,7.0,22.0
515,2015/06/07,7.0,22.0
516,2015/06/04,7.0,22.0
517,2015/06/05,7.0,22.0
518,2008/10/02,9.0,20.0
519,2008/10/07,5.0,17.0
520,2009/12/05,7.0,12.0
521,2009/12/06,6.0,11.0
522,2009/12/07,5.0,12.0
523,2009/12/08,4.0,12.0
524,2009/12/09,2.0,11.0
525,2008/10/09,28.0,18.0
526,2008/10/08,9.0,20.0
527,2012/02/21,7.0,6.0
528,2012/02/20,10.0,8.0
529,2010/08/27,5.0,24.0
530,2010/08/26,5.0,24.0
531,2012/01/26,2.0,8.0
532,2012/01/27,5.0,9.0
533,2012/01/24,4.0,10.0
534,2012/01/25,3.0,8.0
535,2012/01/22,4.0,10.0
536,2012/01/23,4.0,10.0
537,2012/01/20,4.0,10.0
538,2012/01/21,4.0,10.0
539,2008/11/29,33.0,14.0
540,2012/01/28,13.0,10.0
541,2012/01/29,8.0,5.0
542,2011/01/29,6.0,10.0
543,2016/04/11,6.0,14.0
544,2011/01/26,3.0,6.0
545,2011/01/21,14.0,4.0
546,2011/01/20,7.0,10.0
547,2011/01/23,5.0,4.0
548,2011/01/22,6.0,4.0
549,2010/08/28,19.0,27.0
550,2016/04/14,7.0,14.0
551,2016/04/15,4.0,14.0
552,2008/11/21,7.0,11.0
553,2013/12/30,3.0,8.0
554,2013/12/31,4.0,8.0
555,2010/07/05,7.0,25.0
556,2016/04/17,9.0,18.0
557,2010/07/07,6.0,24.0
558,2010/08/23,5.0,23.0
559,2016/05/09,8.0,20.0
560,2010/07/02,5.0,24.0
561,2010/07/03,7.0,24.0
562,2009/11/29,18.0,14.0
563,2009/11/28,3.0,12.0
564,2010/05/06,7.0,12.0
565,2009/11/23,3.0,12.0
566,2009/11/22,3.0,14.0
567,2009/11/21,2.0,16.0
568,2009/11/20,2.0,16.0
569,2009/11/25,4.0,12.0
570,2009/11/24,3.0,12.0
571,2014/10/31,5.0,18.0
572,2014/10/30,4.0,18.0
573,2008/10/05,5.0,17.0
574,2011/02/02,4.0,10.0
575,2011/02/03,8.0,9.0
576,2008/12/07,4.0,13.0
577,2008/12/06,8.0,12.0
578,2011/02/06,3.0,8.0
579,2011/02/04,5.0,10.0
580,2011/02/05,3.0,9.0
581,2011/02/08,2.0,10.0
582,2011/02/09,3.0,9.0
583,2008/12/08,12.0,12.0
584,2010/08/09,4.0,24.0
585,2012/02/08,14.0,5.0
586,2011/06/21,4.0,24.0
587,2010/08/01,6.0,26.0
588,2010/08/03,12.0,26.0
589,2012/02/05,2.0,2.0
590,2012/02/04,10.0,2.0
591,2010/08/07,6.0,22.0
592,2010/08/06,11.0,24.0
593,2011/06/23,7.0,24.0
594,2012/04/18,11.0,14.0
595,2012/04/19,13.0,16.0
596,2012/04/14,16.0,14.0
597,2012/04/15,6.0,8.0
598,2012/04/16,8.0,10.0
599,2012/04/17,10.0,12.0
600,2012/04/10,6.0,16.0
601,2012/04/11,16.0,16.0
602,2012/04/12,4.0,12.0
603,2011/06/25,6.0,22.0
604,2011/04/04,18.0,16.0
605,2011/04/05,10.0,18.0
606,2011/04/06,7.0,15.0
607,2011/04/07,5.0,14.0
608,2011/04/01,4.0,14.0
609,2011/06/08,5.0,20.0
610,2011/04/03,4.0,17.0
611,2011/06/06,6.0,18.0
612,2011/06/07,7.0,20.0
613,2011/06/04,4.0,17.0
614,2011/06/05,6.0,18.0
615,2011/04/08,4.0,13.0
616,2011/04/09,4.0,12.0
617,2011/06/01,14.0,16.0
618,2012/05/22,21.0,20.0
619,2012/05/23,8.0,22.0
620,2012/05/20,13.0,20.0
621,2012/05/21,16.0,17.0
622,2012/05/26,6.0,20.0
623,2012/05/27,6.0,20.0
624,2007/03/20,32.0,10.0
625,2012/05/25,6.0,18.0
626,2012/05/28,6.0,20.0
627,2012/05/29,7.0,21.0
628,2014/03/03,12.0,12.0
629,2012/06/16,7.0,20.0
630,2012/06/17,6.0,22.0
631,2012/06/14,8.0,21.0
632,2012/06/15,8.0,20.0
633,2012/06/12,12.0,22.0
634,2012/06/13,8.0,20.0
635,2012/06/10,11.0,24.0
636,2012/06/11,9.0,24.0
637,2015/09/21,6.0,20.0
638,2015/09/20,8.0,22.0
639,2015/09/23,8.0,20.0
640,2015/09/22,5.0,21.0
641,2015/09/25,5.0,18.0
642,2015/09/24,5.0,20.0
643,2015/09/27,4.0,20.0
644,2015/09/26,6.0,20.0
645,2007/04/16,10.0,16.0
646,2011/08/01,6.0,25.0
647,2011/08/02,11.0,26.0
648,2007/04/15,27.0,17.0
649,2011/08/04,11.0,26.0
650,2011/08/05,5.0,24.0
651,2011/08/06,6.0,25.0
652,2011/08/07,6.0,27.0
653,2011/08/08,12.0,26.0
654,2011/08/09,8.0,23.0
655,2007/04/18,10.0,18.0
656,2015/05/30,9.0,19.0
657,2015/05/31,6.0,20.0
658,2011/03/23,19.0,13.0
659,2011/03/22,12.0,10.0
660,2011/03/21,6.0,11.0
661,2011/03/20,8.0,10.0
662,2011/03/27,7.0,14.0
663,2011/03/26,4.0,14.0
664,2011/03/25,6.0,14.0
665,2011/03/24,15.0,14.0
666,2011/03/29,3.0,14.0
667,2011/03/28,11.0,16.0
668,2006/07/29,10.0,25.0
669,2008/11/22,16.0,16.0
670,2008/11/23,7.0,12.0
671,2015/01/21,5.0,8.0
672,2015/01/20,5.0,9.0
673,2015/01/23,7.0,8.0
674,2015/01/22,6.0,8.0
675,2015/01/25,19.0,10.0
676,2015/01/24,7.0,8.0
677,2015/01/27,6.0,10.0
678,2015/01/26,11.0,8.0
679,2015/01/29,10.0,8.0
680,2015/01/28,5.0,8.0
681,2009/02/08,22.0,9.0
682,2011/07/29,7.0,23.0
683,2011/07/28,10.0,24.0
684,2011/07/27,13.0,25.0
685,2011/07/26,8.0,24.0
686,2011/07/25,7.0,22.0
687,2011/07/24,6.0,21.0
688,2011/07/23,8.0,22.0
689,2011/07/22,16.0,24.0
690,2011/07/21,7.0,22.0
691,2012/05/09,5.0,18.0
692,2010/10/27,4.0,12.0
693,2009/02/07,28.0,8.0
694,2010/01/19,4.0,11.0
695,2010/01/11,4.0,6.0
696,2010/01/10,11.0,7.0
697,2010/01/13,21.0,10.0
698,2010/01/12,6.0,6.0
699,2010/01/15,11.0,10.0
700,2010/01/14,16.0,11.0
701,2010/01/17,3.0,12.0
702,2010/01/16,5.0,8.0
703,2010/08/29,9.0,22.0
704,2009/05/14,5.0,16.0
705,2013/09/29,20.0,24.0
706,2009/02/02,11.0,12.0
707,2012/08/18,9.0,28.0
708,2012/08/19,8.0,28.0
709,2010/05/04,20.0,12.0
710,2010/05/02,6.0,17.0
711,2010/05/01,3.0,18.0
712,2012/08/10,6.0,26.0
713,2012/08/11,3.0,82.0
714,2012/08/12,8.0,26.0
715,2012/08/13,15.0,26.0
716,2012/08/14,6.0,24.0
717,2012/08/15,7.0,25.0
718,2012/08/16,9.0,26.0
719,2010/05/09,6.0,17.0
720,2006/08/15,9.0,25.0
721,2015/02/06,3.0,3.0
722,2015/02/07,2.0,5.0
723,2015/02/04,11.0,7.0
724,2015/02/05,9.0,6.0
725,2015/02/02,18.0,11.0
726,2015/02/03,20.0,10.0
727,2015/02/01,28.0,10.0
728,2008/06/15,6.0,20.0
729,2015/02/08,5.0,6.0
730,2015/02/09,9.0,6.0
731,2015/07/12,6.0,25.0
732,2015/07/13,6.0,26.0
733,2015/07/10,8.0,25.0
734,2015/07/11,7.0,26.0
735,2015/07/16,7.0,26.0
736,2015/07/17,7.0,26.0
737,2015/07/14,7.0,26.0
738,2015/07/15,6.0,26.0
739,2015/07/18,7.0,28.0
740,2015/07/19,7.0,26.0
741,2010/06/19,9.0,20.0
742,2006/09/17,11.0,22.0
743,2013/11/01,3.0,16.0
744,2013/11/02,5.0,17.0
745,2013/11/03,5.0,19.0
746,2013/11/04,13.0,17.0
747,2013/11/05,23.0,22.0
748,2013/11/06,14.0,21.0
749,2013/11/07,3.0,18.0
750,2013/11/08,7.0,18.0
751,2013/11/09,5.0,16.0
752,2015/05/13,5.0,19.0
753,2010/05/08,6.0,16.0
754,2015/06/19,11.0,22.0
755,2015/06/18,8.0,21.0
756,2010/07/11,7.0,26.0
757,2010/07/10,11.0,27.0
758,2010/07/17,9.0,26.0
759,2010/07/15,7.0,26.0
760,2010/07/14,6.0,25.0
761,2015/06/11,16.0,26.0
762,2015/06/10,9.0,25.0
763,2015/06/13,8.0,22.0
764,2013/03/31,14.0,16.0
765,2015/06/15,10.0,20.0
766,2015/06/14,15.0,23.0
767,2015/06/17,6.0,21.0
768,2015/06/16,7.0,21.0
769,2009/12/13,16.0,9.0
770,2009/12/12,7.0,10.0
771,2009/12/10,2.0,12.0
772,2009/12/19,8.0,4.0
773,2008/11/30,22.0,10.0
774,2011/01/11,7.0,11.0
775,2011/01/12,8.0,11.0
776,2011/01/13,4.0,10.0
777,2011/01/14,2.0,11.0
778,2011/01/15,7.0,12.0
779,2011/01/16,1.0,12.0
780,2011/01/17,3.0,10.0
781,2011/01/19,5.0,10.0
782,2013/12/29,5.0,8.0
783,2013/12/28,11.0,12.0
784,2013/12/23,4.0,10.0
785,2013/12/22,3.0,13.0
786,2013/12/21,11.0,14.0
787,2013/12/20,19.0,12.0
788,2013/12/27,15.0,14.0
789,2013/12/26,25.0,13.0
790,2013/12/25,31.0,14.0
791,2013/12/24,22.0,15.0
792,2009/04/15,9.0,12.0
793,2007/07/27,7.0,25.0
794,2010/04/17,4.0,14.0
795,2007/07/28,7.0,26.0
796,2010/08/12,7.0,26.0
797,2014/10/04,4.0,20.0
798,2014/10/05,3.0,20.0
799,2014/10/06,5.0,22.0
800,2014/10/07,6.0,22.0
801,2014/10/01,10.0,22.0
802,2014/10/02,8.0,22.0
803,2014/10/03,6.0,21.0
804,2014/12/06,7.0,10.0
805,2014/12/07,6.0,8.0
806,2014/12/04,7.0,12.0
807,2014/12/05,9.0,12.0
808,2014/10/08,4.0,21.0
809,2014/10/09,4.0,22.0
810,2014/12/01,9.0,14.0
811,2011/02/11,3.0,10.0
812,2011/02/10,3.0,10.0
813,2011/02/13,4.0,9.0
814,2011/02/12,4.0,10.0
815,2011/02/14,10.0,12.0
816,2011/02/17,19.0,12.0
817,2011/02/16,16.0,12.0
818,2011/02/19,5.0,9.0
819,2011/02/18,8.0,10.0
820,2010/08/30,5.0,22.0
821,2010/08/31,7.0,21.0
822,2012/04/03,6.0,16.0
823,2012/04/02,5.0,14.0
824,2012/04/01,4.0,12.0
825,2012/04/07,16.0,10.0
826,2012/04/06,11.0,14.0
827,2012/04/05,5.0,14.0
828,2012/04/04,8.0,16.0
829,2011/04/13,4.0,14.0
830,2011/04/12,7.0,16.0
831,2011/04/11,8.0,19.0
832,2012/04/08,13.0,13.0
833,2011/04/17,6.0,12.0
834,2011/04/16,9.0,14.0
835,2011/04/15,9.0,16.0
836,2011/04/14,5.0,15.0
837,2007/06/03,8.0,19.0
838,2007/06/02,9.0,18.0
839,2011/06/19,12.0,23.0
840,2011/06/18,6.0,24.0
841,2011/06/02,9.0,16.0
842,2011/06/15,5.0,22.0
843,2011/06/14,6.0,22.0
844,2007/06/09,7.0,20.0
845,2011/06/16,5.0,22.0
846,2011/06/11,8.0,22.0
847,2011/06/10,4.0,20.0
848,2011/06/13,5.0,22.0
849,2011/06/12,6.0,20.0
850,2012/05/31,6.0,22.0
851,2012/05/30,6.0,20.0
852,2010/04/04,7.0,12.0
853,2010/04/07,5.0,14.0
854,2012/06/05,5.0,70.0
855,2012/06/04,10.0,22.0
856,2012/06/07,4.0,23.0
857,2012/06/06,5.0,20.0
858,2015/09/18,9.0,20.0
859,2015/09/19,9.0,23.0
860,2012/06/03,5.0,21.0
861,2012/06/02,5.0,22.0
862,2015/09/14,13.0,26.0
863,2015/01/07,2.0,10.0
864,2015/09/16,19.0,26.0
865,2015/09/17,18.0,24.0
866,2015/09/10,3.0,20.0
867,2015/09/11,5.0,24.0
868,2015/09/12,6.0,25.0
869,2015/09/13,8.0,24.0
870,2011/08/17,5.0,26.0
871,2011/08/16,6.0,25.0
872,2011/08/15,5.0,26.0
873,2011/08/14,7.0,26.0
874,2011/08/13,5.0,26.0
875,2015/01/05,3.0,9.0
876,2011/08/11,6.0,22.0
877,2011/08/10,7.0,22.0
878,2015/01/04,3.0,11.0
879,2011/08/19,12.0,28.0
880,2011/08/18,10.0,28.0
881,2015/05/25,8.0,18.0
882,2015/05/24,5.0,16.0
883,2015/05/27,7.0,17.0
884,2015/05/26,7.0,20.0
885,2015/05/21,7.0,16.0
886,2015/05/20,11.0,64.0
887,2015/05/23,7.0,16.0
888,2010/03/29,6.0,10.0
889,2012/09/26,21.0,24.0
890,2010/03/27,9.0,13.0
891,2012/09/24,12.0,24.0
892,2012/09/25,21.0,24.0
893,2012/09/22,6.0,76.0
894,2015/05/28,7.0,18.0
895,2012/09/20,10.0,22.0
896,2012/09/21,7.0,24.0
897,2008/03/02,6.0,12.0
898,2010/04/18,5.0,13.0
899,2010/04/19,6.0,12.0
900,2010/04/16,5.0,11.0
901,2007/03/18,8.0,12.0
902,2010/04/14,10.0,12.0
903,2007/08/19,7.0,24.0
904,2010/04/12,11.0,12.0
905,2010/04/13,13.0,12.0
906,2010/04/10,6.0,14.0
907,2010/04/11,4.0,12.0
908,2015/01/14,2.0,11.0
909,2015/01/15,2.0,9.0
910,2015/01/16,15.0,12.0
911,2015/01/17,3.0,7.0
912,2015/01/10,6.0,9.0
913,2015/01/11,3.0,12.0
914,2015/01/12,5.0,10.0
915,2015/01/13,2.0,10.0
916,2015/01/18,4.0,6.0
917,2015/01/19,8.0,10.0
918,2013/04/30,10.0,13.0
919,2010/07/18,17.0,26.0
920,2008/05/12,11.0,16.0
921,2006/02/08,9.0,10.0
922,2010/12/26,4.0,6.0
923,2008/05/13,8.0,18.0
924,2008/02/03,5.0,9.0
925,2010/01/28,5.0,6.0
926,2007/03/16,5.0,11.0
927,2010/01/24,7.0,12.0
928,2010/01/20,8.0,12.0
929,2010/01/21,5.0,10.0
930,2010/01/22,4.0,9.0
931,2010/01/23,6.0,9.0
932,2011/09/12,7.0,26.0
933,2010/12/22,5.0,15.0
934,2010/05/15,12.0,14.0
935,2010/05/16,8.0,15.0
936,2010/05/11,6.0,18.0
937,2010/05/10,4.0,17.0
938,2012/08/09,6.0,26.0
939,2012/08/08,13.0,28.0
940,2012/08/07,20.0,26.0
941,2012/08/06,10.0,27.0
942,2012/08/05,6.0,25.0
943,2010/02/04,3.0,10.0
944,2012/08/03,13.0,28.0
945,2012/08/02,6.0,26.0
946,2010/02/01,8.0,8.0
947,2008/05/18,6.0,17.0
948,2008/05/19,6.0,16.0
949,2015/02/15,6.0,12.0
950,2015/02/14,4.0,8.0
951,2015/02/17,16.0,10.0
952,2015/02/16,10.0,11.0
953,2015/02/11,5.0,8.0
954,2015/02/10,2.0,7.0
955,2015/02/13,5.0,10.0
956,2015/02/12,3.0,8.0
957,2010/06/03,7.0,20.0
958,2010/06/02,5.0,20.0
959,2010/06/01,4.0,22.0
960,2015/02/19,10.0,10.0
961,2015/02/18,27.0,12.0
962,2010/06/05,5.0,20.0
963,2010/06/04,6.0,19.0
964,2015/07/01,8.0,28.0
965,2015/07/03,13.0,30.0
966,2015/07/02,14.0,30.0
967,2015/07/05,6.0,28.0
968,2015/07/04,11.0,31.0
969,2015/07/07,6.0,26.0
970,2015/07/06,6.0,28.0
971,2015/07/09,11.0,26.0
972,2015/07/08,7.0,28.0
973,2015/03/18,15.0,11.0
974,2015/03/19,26.0,15.0
975,2015/03/16,5.0,8.0
976,2015/03/17,3.0,8.0
977,2015/03/14,5.0,8.0
978,2015/03/15,4.0,8.0
979,2015/03/12,3.0,12.0
980,2015/03/13,5.0,10.0
981,2015/03/10,5.0,10.0
982,2015/03/11,3.0,10.0
983,2013/11/17,4.0,10.0
984,2013/11/16,13.0,11.0
985,2013/11/15,10.0,11.0
986,2013/11/14,4.0,16.0
987,2013/11/13,5.0,15.0
988,2013/11/12,14.0,16.0
989,2013/11/11,10.0,18.0
990,2013/11/10,12.0,16.0
991,2013/11/19,19.0,14.0
992,2013/11/18,9.0,13.0
993,2007/06/10,9.0,22.0
994,2013/03/29,10.0,12.0
995,2013/03/28,9.0,16.0
996,2015/06/28,5.0,24.0
997,2015/06/29,7.0,26.0
998,2015/06/24,14.0,24.0
999,2013/03/20,7.0,12.0
1000,2013/03/23,5.0,14.0
1001,2015/06/27,7.0,22.0
1002,2013/03/25,13.0,12.0
1003,2013/03/24,6.0,14.0
1004,2013/03/27,13.0,16.0
1005,2013/03/26,21.0,16.0
1006,2009/09/12,6.0,22.0
1007,2010/08/24,5.0,27.0
1008,2012/01/08,3.0,8.0
1009,2012/01/09,5.0,8.0
1010,2012/01/01,3.0,12.0
1011,2012/01/02,9.0,12.0
1012,2012/01/03,15.0,11.0
1013,2012/01/04,4.0,9.0
1014,2012/01/05,11.0,12.0
1015,2012/01/06,18.0,11.0
1016,2012/01/07,4.0,9.0
1017,2008/11/04,7.0,14.0
1018,2008/11/05,6.0,14.0
1019,2014/07/15,7.0,24.0
1020,2008/11/01,11.0,18.0
1021,2008/11/02,27.0,18.0
1022,2008/11/03,10.0,14.0
1023,2008/11/08,3.0,13.0
1024,2008/11/09,3.0,13.0
1025,2011/01/07,4.0,12.0
1026,2011/01/06,4.0,12.0
1027,2011/01/05,3.0,10.0
1028,2011/01/04,2.0,7.0
1029,2011/01/03,4.0,7.0
1030,2011/01/02,1.0,9.0
1031,2011/01/01,2.0,12.0
1032,2008/12/01,18.0,10.0
1033,2011/01/09,4.0,10.0
1034,2011/01/08,4.0,12.0
1035,2012/03/02,3.0,10.0
1036,2012/03/03,8.0,12.0
1037,2012/03/01,4.0,8.0
1038,2010/09/06,5.0,23.0
1039,2012/03/07,7.0,8.0
1040,2012/03/04,5.0,12.0
1041,2010/09/05,5.0,22.0
1042,2012/03/08,10.0,8.0
1043,2012/03/09,24.0,11.0
1044,2008/09/07,11.0,24.0
1045,2012/02/09,7.0,8.0
1046,2010/08/08,6.0,22.0
1047,2014/10/19,3.0,23.0
1048,2014/10/18,2.0,73.0
1049,2014/10/13,21.0,23.0
1050,2014/10/12,7.0,24.0
1051,2014/10/11,6.0,22.0
1052,2014/10/10,5.0,22.0
1053,2014/10/17,10.0,22.0
1054,2014/10/16,11.0,20.0
1055,2014/10/15,5.0,18.0
1056,2014/10/14,14.0,20.0
1057,2014/12/19,4.0,12.0
1058,2014/12/18,10.0,15.0
1059,2008/12/29,4.0,12.0
1060,2008/12/28,13.0,10.0
1061,2014/12/15,7.0,11.0
1062,2014/12/14,5.0,12.0
1063,2008/12/25,5.0,10.0
1064,2008/12/24,3.0,8.0
1065,2014/12/11,10.0,14.0
1066,2014/12/10,10.0,9.0
1067,2014/12/13,6.0,10.0
1068,2014/12/12,4.0,10.0
1069,2011/02/24,5.0,12.0
1070,2011/02/25,5.0,13.0
1071,2011/02/26,6.0,12.0
1072,2011/02/27,6.0,10.0
1073,2011/02/20,2.0,12.0
1074,2011/02/21,6.0,11.0
1075,2011/02/22,22.0,15.0
1076,2011/02/23,11.0,12.0
1077,2011/02/28,5.0,8.0
1078,2012/02/03,19.0,4.0
1079,2012/02/23,3.0,8.0
1080,2012/02/22,5.0,8.0
1081,2010/08/21,8.0,26.0
1082,2010/08/20,9.0,28.0
1083,2012/02/27,10.0,11.0
1084,2012/02/26,4.0,12.0
1085,2012/02/25,3.0,9.0
1086,2012/02/24,3.0,8.0
1087,2010/08/05,9.0,24.0
1088,2012/02/29,5.0,8.0
1089,2012/02/28,4.0,9.0
1090,2010/08/04,7.0,23.0
1091,2013/02/02,26.0,12.0
1092,2012/02/07,12.0,6.0
1093,2012/02/06,7.0,6.0
1094,2011/06/20,6.0,21.0
1095,2014/07/26,12.0,26.0
1096,2011/06/22,8.0,23.0
1097,2010/07/21,7.0,25.0
1098,2011/06/24,15.0,24.0
1099,2016/02/18,11.0,10.0
1100,2011/06/26,6.0,23.0
1101,2013/02/05,5.0,9.0
1102,2011/06/28,7.0,25.0
1103,2011/06/29,10.0,25.0
1104,2016/02/19,5.0,10.0
1105,2007/03/04,4.0,14.0
1106,2013/02/06,20.0,10.0
1107,2012/05/04,15.0,18.0
1108,2012/05/05,11.0,17.0
1109,2012/05/06,12.0,18.0
1110,2014/07/25,9.0,27.0
1111,2012/05/01,7.0,14.0
1112,2012/05/02,6.0,14.0
1113,2012/05/03,7.0,14.0
1114,2009/09/26,5.0,21.0
1115,2012/05/08,5.0,16.0
1116,2014/01/04,13.0,14.0
1117,2014/07/23,6.0,24.0
1118,2015/09/03,8.0,26.0
1119,2015/09/02,6.0,25.0
1120,2015/09/01,10.0,26.0
1121,2014/01/05,23.0,12.0
1122,2015/09/07,4.0,22.0
1123,2015/09/06,7.0,22.0
1124,2015/09/05,13.0,23.0
1125,2015/09/04,18.0,23.0
1126,2016/02/12,16.0,12.0
1127,2015/09/09,3.0,22.0
1128,2015/09/08,5.0,21.0
1129,2016/02/13,27.0,18.0
1130,2015/05/18,6.0,18.0
1131,2015/05/19,10.0,17.0
1132,2015/05/10,5.0,18.0
1133,2015/05/11,5.0,19.0
1134,2015/05/12,8.0,22.0
1135,2014/01/01,5.0,9.0
1136,2015/05/14,5.0,22.0
1137,2015/05/15,27.0,20.0
1138,2015/05/16,13.0,17.0
1139,2015/05/17,5.0,66.0
1140,2015/08/22,6.0,26.0
1141,2015/08/23,14.0,28.0
1142,2015/08/20,5.0,24.0
1143,2015/08/21,6.0,24.0
1144,2015/08/26,7.0,24.0
1145,2015/08/27,7.0,24.0
1146,2015/08/24,17.0,26.0
1147,2015/08/25,9.0,26.0
1148,2015/08/28,6.0,26.0
1149,2015/08/29,8.0,27.0
1150,2010/03/31,6.0,12.0
1151,2012/09/30,8.0,20.0
1152,2009/12/26,10.0,12.0
1153,2008/10/20,6.0,22.0
1154,2012/04/13,9.0,14.0
1155,2010/08/22,4.0,24.0
1156,2015/01/09,4.0,8.0
1157,2015/01/08,3.0,9.0
1158,2010/04/09,12.0,14.0
1159,2010/04/08,16.0,14.0
1160,2015/01/03,6.0,8.0
1161,2015/01/02,1.0,8.0
1162,2015/01/01,3.0,8.0
1163,2010/04/06,11.0,14.0
1164,2010/04/01,6.0,12.0
1165,2015/01/06,1.0,10.0
1166,2010/04/03,2.0,14.0
1167,2010/04/02,6.0,10.0
1168,2008/10/27,5.0,18.0
1169,2015/04/28,12.0,17.0
1170,2015/04/29,5.0,14.0
1171,2015/04/26,8.0,18.0
1172,2015/04/27,19.0,18.0
1173,2015/04/24,5.0,14.0
1174,2015/04/25,6.0,16.0
1175,2015/04/22,10.0,16.0
1176,2015/04/23,5.0,15.0
1177,2015/04/20,6.0,14.0
1178,2015/04/21,8.0,16.0
1179,2006/02/01,4.0,10.0
1180,2011/04/02,4.0,16.0
1181,2011/06/09,6.0,19.0
1182,2008/11/26,19.0,10.0
1183,2012/06/30,6.0,25.0
1184,2007/06/16,11.0,22.0
1185,2010/01/31,7.0,8.0
1186,2010/01/30,16.0,10.0
1187,2014/01/16,10.0,11.0
1188,2010/02/07,14.0,12.0
1189,2011/06/03,4.0,16.0
1190,2010/05/28,7.0,19.0
1191,2010/05/29,10.0,20.0
1192,2007/09/29,8.0,22.0
1193,2010/05/20,7.0,16.0
1194,2010/05/21,5.0,17.0
1195,2010/05/22,6.0,18.0
1196,2010/05/23,5.0,18.0
1197,2010/05/24,4.0,17.0
1198,2010/05/25,5.0,18.0
1199,2007/09/22,8.0,22.0
1200,2010/05/27,6.0,20.0
1201,2007/03/26,8.0,10.0
1202,2007/03/27,9.0,11.0
1203,2007/03/24,18.0,14.0
1204,2007/03/25,6.0,10.0
1205,2007/03/22,12.0,9.0
1206,2007/03/23,14.0,9.0
1207,2015/02/28,4.0,8.0
1208,2012/05/24,5.0,18.0
1209,2015/02/20,4.0,10.0
1210,2015/02/21,3.0,49.0
1211,2015/02/22,12.0,7.0
1212,2015/02/23,10.0,10.0
1213,2015/02/24,28.0,11.0
1214,2015/02/25,24.0,12.0
1215,2015/02/26,7.0,12.0
1216,2015/02/27,8.0,9.0
1217,2012/05/07,6.0,14.0
1218,2014/01/13,4.0,10.0
1219,2015/07/30,14.0,28.0
1220,2015/07/31,11.0,27.0
1221,2007/03/03,8.0,15.0
1222,2007/04/07,9.0,13.0
1223,2015/03/09,4.0,8.0
1224,2015/03/08,8.0,9.0
1225,2015/03/05,10.0,10.0
1226,2015/03/04,7.0,11.0
1227,2015/03/07,5.0,8.0
1228,2015/03/06,10.0,10.0
1229,2015/03/01,3.0,10.0
1230,2015/03/03,7.0,14.0
1231,2015/03/02,5.0,12.0
1232,2015/09/29,5.0,18.0
1233,2015/09/28,5.0,20.0
1234,2015/06/30,6.0,26.0
1235,2013/03/18,11.0,12.0
1236,2013/03/19,5.0,11.0
1237,2013/03/14,16.0,8.0
1238,2013/03/15,15.0,8.0
1239,2013/03/16,3.0,7.0
1240,2013/03/17,4.0,11.0
1241,2013/03/10,21.0,14.0
1242,2013/03/11,22.0,14.0
1243,2013/03/12,21.0,13.0
1244,2013/03/13,9.0,11.0
1245,2009/09/10,5.0,22.0
1246,2005/06/14,14.0,25.0
1247,2009/01/28,9.0,12.0
1248,2008/11/18,3.0,10.0
1249,2012/06/18,6.0,24.0
1250,2012/01/19,5.0,8.0
1251,2012/01/18,3.0,9.0
1252,2008/11/13,7.0,12.0
1253,2008/11/12,5.0,14.0
1254,2012/01/15,3.0,8.0
1255,2012/01/14,3.0,8.0
1256,2012/01/13,3.0,10.0
1257,2008/11/16,7.0,12.0
1258,2012/01/11,4.0,9.0
1259,2009/01/25,32.0,10.0
1260,2006/11/12,5.0,15.0
1261,2011/08/03,9.0,26.0
1262,2013/08/06,7.0,28.0
1263,2012/03/10,16.0,11.0
1264,2013/08/04,7.0,27.0
1265,2013/08/05,6.0,26.0
1266,2013/08/02,7.0,28.0
1267,2012/03/14,3.0,13.0
1268,2012/03/17,7.0,13.0
1269,2013/08/01,7.0,25.0
1270,2012/03/19,12.0,10.0
1271,2012/03/18,10.0,14.0
1272,2013/08/08,11.0,27.0
1273,2013/08/09,5.0,24.0
1274,2007/01/02,8.0,12.0
1275,2007/01/07,3.0,10.0
1276,2008/08/02,11.0,28.0
1277,2008/08/06,6.0,26.0
1278,2007/05/08,8.0,16.0
1279,2007/05/09,6.0,20.0
1280,2007/05/06,7.0,16.0
1281,2007/05/07,7.0,17.0
1282,2007/02/10,16.0,14.0
1283,2007/02/11,6.0,12.0
1284,2013/10/17,6.0,22.0
1285,2014/12/20,2.0,53.0
1286,2014/12/21,3.0,10.0
1287,2014/12/22,2.0,10.0
1288,2014/12/23,2.0,10.0
1289,2014/12/24,2.0,9.0
1290,2014/12/25,2.0,9.0
1291,2014/12/26,3.0,8.0
1292,2014/12/27,10.0,10.0
1293,2014/12/28,12.0,52.0
1294,2014/12/29,14.0,8.0
1295,2012/05/19,8.0,20.0
1296,2012/05/18,9.0,20.0
1297,2011/06/30,13.0,26.0
1298,2012/05/13,5.0,19.0
1299,2012/05/12,5.0,18.0
1300,2012/05/11,6.0,20.0
1301,2012/05/10,6.0,20.0
1302,2012/05/17,6.0,15.0
1303,2012/05/16,5.0,16.0
1304,2012/05/15,7.0,18.0
1305,2012/05/14,12.0,20.0
1306,2012/07/08,7.0,24.0
1307,2012/07/09,7.0,78.0
1308,2012/07/06,9.0,24.0
1309,2012/07/07,9.0,24.0
1310,2012/07/04,6.0,22.0
1311,2012/07/05,9.0,24.0
1312,2012/07/02,11.0,20.0
1313,2012/07/03,5.0,22.0
1314,2012/07/01,7.0,25.0
1315,2007/04/29,6.0,17.0
1316,2007/04/22,11.0,18.0
1317,2007/04/21,6.0,16.0
1318,2015/05/09,7.0,20.0
1319,2015/05/08,7.0,17.0
1320,2015/05/07,10.0,19.0
1321,2015/05/06,8.0,21.0
1322,2015/05/05,6.0,23.0
1323,2015/05/04,3.0,72.0
1324,2015/05/03,3.0,67.0
1325,2015/05/02,5.0,20.0
1326,2015/05/01,3.0,60.0
1327,2014/01/08,1.0,10.0
1328,2015/08/31,6.0,28.0
1329,2015/08/30,10.0,30.0
1330,2012/09/02,5.0,18.0
1331,2012/09/03,6.0,20.0
1332,2012/09/04,7.0,22.0
1333,2010/03/05,9.0,10.0
1334,2012/09/06,5.0,22.0
1335,2012/09/07,5.0,24.0
1336,2012/09/08,6.0,22.0
1337,2012/09/09,6.0,22.0
1338,2010/08/18,6.0,23.0
1339,2011/12/30,8.0,8.0
1340,2011/12/31,11.0,13.0
1341,2011/03/16,23.0,14.0
1342,2014/01/06,8.0,12.0
1343,2015/04/30,6.0,16.0
1344,2012/06/29,4.0,26.0
1345,2012/06/28,7.0,26.0
1346,2012/06/27,6.0,26.0
1347,2012/06/26,6.0,24.0
1348,2012/06/25,10.0,24.0
1349,2012/06/24,7.0,25.0
1350,2012/06/23,14.0,25.0
1351,2012/06/22,17.0,26.0
1352,2012/06/21,8.0,24.0
1353,2012/06/20,9.0,28.0
1354,2008/07/29,9.0,26.0
1355,2008/07/21,15.0,25.0
1356,2009/10/19,3.0,12.0
1357,2007/09/30,5.0,20.0
1358,2013/08/22,5.0,24.0
1359,2010/05/31,10.0,23.0
1360,2010/05/30,7.0,18.0
1361,2013/01/16,15.0,12.0
1362,2013/01/17,11.0,11.0
1363,2013/01/14,5.0,8.0
1364,2013/01/15,17.0,10.0
1365,2013/01/12,6.0,8.0
1366,2013/01/13,21.0,12.0
1367,2013/01/10,8.0,53.0
1368,2013/01/11,6.0,10.0
1369,2009/10/18,12.0,14.0
1370,2013/01/18,11.0,14.0
1371,2013/01/19,23.0,14.0
1372,2006/12/07,10.0,14.0
1373,2015/07/29,7.0,28.0
1374,2014/01/02,13.0,14.0
1375,2009/04/30,6.0,14.0
1376,2006/12/06,22.0,14.0
1377,2015/07/23,10.0,28.0
1378,2015/07/22,6.0,29.0
1379,2015/07/21,6.0,28.0
1380,2015/07/20,6.0,28.0
1381,2015/07/27,8.0,28.0
1382,2015/07/26,8.0,25.0
1383,2015/07/25,13.0,28.0
1384,2015/07/24,8.0,27.0
1385,2010/04/26,5.0,17.0
1386,2015/03/30,16.0,18.0
1387,2015/03/31,9.0,18.0
1388,2006/05/01,7.0,16.0
1389,2008/06/06,11.0,20.0
1390,2008/06/07,6.0,18.0
1391,2009/08/30,5.0,24.0
1392,2008/06/01,8.0,18.0
1393,2009/08/31,5.0,24.0
1394,2008/04/08,11.0,16.0
1395,2009/08/29,8.0,26.0
1396,2013/03/02,20.0,12.0
1397,2013/03/01,11.0,9.0
1398,2013/03/07,11.0,16.0
1399,2013/03/06,22.0,14.0
1400,2013/03/05,17.0,16.0
1401,2013/03/04,11.0,12.0
1402,2009/08/20,7.0,26.0
1403,2013/03/09,12.0,15.0
1404,2013/03/08,19.0,17.0
1405,2009/08/25,6.0,24.0
1406,2009/08/27,6.0,26.0
1407,2009/08/26,6.0,27.0
1408,2008/06/08,7.0,18.0
1409,2009/01/31,8.0,12.0
1410,2011/07/20,7.0,24.0
1411,2008/09/13,6.0,20.0
1412,2008/09/17,7.0,22.0
1413,2008/09/19,7.0,25.0
1414,2012/02/01,8.0,8.0
1415,2009/02/26,7.0,8.0
1416,2013/08/15,6.0,26.0
1417,2012/03/25,4.0,12.0
1418,2012/03/26,7.0,14.0
1419,2010/09/27,5.0,18.0
1420,2013/08/11,7.0,24.0
1421,2013/08/10,7.0,24.0
1422,2013/08/13,6.0,26.0
1423,2012/03/23,4.0,10.0
1424,2013/08/19,7.0,27.0
1425,2012/03/29,7.0,14.0
1426,2007/01/13,6.0,10.0
1427,2007/01/12,5.0,11.0
1428,2007/01/14,6.0,10.0
1429,2013/09/18,6.0,21.0
1430,2013/09/19,5.0,22.0
1431,2013/09/16,7.0,22.0
1432,2013/09/17,5.0,23.0
1433,2013/09/14,4.0,22.0
1434,2013/09/15,5.0,24.0
1435,2013/09/12,5.0,21.0
1436,2013/09/13,5.0,22.0
1437,2013/09/10,6.0,24.0
1438,2013/09/11,9.0,22.0
1439,2008/08/19,9.0,24.0
1440,2006/11/08,7.0,18.0
1441,2009/01/29,5.0,12.0
1442,2008/08/12,7.0,26.0
1443,2008/08/15,16.0,23.0
1444,2008/08/17,8.0,24.0
1445,2008/08/16,8.0,20.0
1446,2012/01/17,10.0,10.0
1447,2014/12/31,6.0,8.0
1448,2012/07/22,4.0,23.0
1449,2009/01/27,24.0,12.0
1450,2012/01/10,3.0,8.0
1451,2012/07/25,6.0,23.0
1452,2014/12/17,4.0,10.0
1453,2012/07/19,6.0,24.0
1454,2012/07/18,8.0,26.0
1455,2012/07/15,13.0,26.0
1456,2012/07/14,12.0,25.0
1457,2012/07/17,6.0,24.0
1458,2012/07/16,11.0,24.0
1459,2012/07/10,6.0,24.0
1460,2013/06/26,7.0,20.0
1461,2013/06/27,8.0,20.0
1462,2013/06/25,6.0,20.0
1463,2013/06/22,8.0,22.0
1464,2013/06/23,7.0,20.0
1465,2013/06/20,7.0,20.0
1466,2013/06/21,6.0,21.0
1467,2013/06/29,7.0,20.0
1468,2010/03/16,5.0,8.0
1469,2010/03/13,4.0,8.0
1470,2010/04/27,4.0,18.0
1471,2010/04/24,3.0,15.0
1472,2015/04/01,10.0,13.0
1473,2015/04/03,6.0,12.0
1474,2015/04/04,6.0,14.0
1475,2015/04/05,4.0,54.0
1476,2015/04/06,10.0,10.0
1477,2015/04/07,11.0,11.0
1478,2015/04/08,8.0,10.0
1479,2015/04/09,9.0,12.0
1480,2013/05/18,22.0,18.0
1481,2013/05/19,23.0,17.0
1482,2013/05/12,7.0,16.0
1483,2013/05/10,11.0,18.0
1484,2013/05/11,8.0,18.0
1485,2013/05/15,6.0,18.0
1486,2013/02/21,5.0,10.0
1487,2012/03/11,6.0,10.0
1488,2013/08/07,8.0,28.0
1489,2012/03/13,4.0,10.0
1490,2012/03/15,1.0,12.0
1491,2012/08/17,6.0,28.0
1492,2013/08/03,7.0,27.0
1493,2013/01/05,5.0,9.0
1494,2013/01/04,3.0,8.0
1495,2013/01/06,3.0,10.0
1496,2012/03/16,7.0,12.0
1497,2015/03/27,14.0,12.0
1498,2015/03/26,4.0,11.0
1499,2015/03/23,9.0,14.0
1500,2015/03/22,10.0,14.0
1501,2015/03/21,11.0,16.0
1502,2015/03/29,6.0,14.0
1503,2015/03/28,7.0,15.0
1504,2013/09/09,6.0,24.0
1505,2013/09/05,5.0,24.0
1506,2013/09/04,9.0,23.0
1507,2013/09/07,6.0,24.0
1508,2013/09/06,5.0,23.0
1509,2013/09/01,7.0,22.0
1510,2013/09/03,4.0,24.0
1511,2013/09/02,5.0,24.0
1512,2007/05/20,14.0,21.0
1513,2010/06/10,14.0,23.0
1514,2013/08/28,7.0,24.0
1515,2013/08/29,11.0,24.0
1516,2013/08/20,12.0,27.0
1517,2013/08/21,5.0,23.0
1518,2012/03/31,4.0,13.0
1519,2013/08/23,7.0,25.0
1520,2013/08/24,6.0,25.0
1521,2013/08/25,7.0,25.0
1522,2013/08/27,9.0,24.0
1523,2010/12/09,6.0,16.0
1524,2010/03/15,5.0,8.0
1525,2010/12/07,9.0,16.0
1526,2010/03/14,4.0,8.0
1527,2012/07/20,7.0,24.0
1528,2012/07/21,14.0,25.0
1529,2010/11/27,7.0,10.0
1530,2012/07/23,3.0,73.0
1531,2012/07/24,7.0,22.0
1532,2010/11/20,9.0,11.0
1533,2012/07/26,8.0,28.0
1534,2012/07/27,12.0,30.0
1535,2012/07/28,11.0,27.0
1536,2012/07/29,8.0,26.0
1537,2013/02/27,6.0,5.0
1538,2013/02/24,13.0,7.0
1539,2010/03/12,4.0,6.0
1540,2013/07/30,9.0,26.0
1541,2013/07/31,5.0,26.0
1542,2013/10/30,17.0,15.0
1543,2010/09/14,5.0,21.0
1544,2013/10/31,3.0,15.0
1545,2015/04/17,7.0,14.0
1546,2015/04/16,3.0,63.0
1547,2015/04/15,12.0,16.0
1548,2015/04/14,5.0,15.0
1549,2015/04/13,11.0,26.0
1550,2015/04/12,16.0,18.0
1551,2015/04/11,12.0,14.0
1552,2015/04/10,11.0,13.0
1553,2015/04/19,7.0,16.0
1554,2015/04/18,7.0,16.0
1555,2013/05/09,7.0,21.0
1556,2013/05/08,4.0,18.0
1557,2013/05/01,6.0,14.0
1558,2013/05/02,6.0,14.0
1559,2013/05/05,7.0,14.0
1560,2013/05/04,6.0,14.0
1561,2013/05/07,4.0,19.0
1562,2013/05/06,6.0,15.0
1563,2013/08/17,6.0,26.0
1564,2013/01/30,4.0,9.0
1565,2013/01/31,3.0,11.0
1566,2014/02/20,6.0,9.0
1567,2014/02/23,4.0,8.0
1568,2014/02/22,4.0,10.0
1569,2014/02/25,6.0,10.0
1570,2014/02/26,12.0,12.0
1571,2009/06/14,7.0,27.0
1572,2012/10/12,10.0,20.0
1573,2009/07/11,7.0,24.0
1574,2009/07/13,10.0,28.0
1575,2009/08/02,6.0,26.0
1576,2009/08/04,8.0,24.0
1577,2011/10/19,5.0,18.0
1578,2007/10/20,7.0,14.0
1579,2007/10/21,7.0,14.0
1580,2011/10/12,4.0,18.0
1581,2011/10/13,4.0,20.0
1582,2011/10/10,4.0,20.0
1583,2011/10/11,3.0,20.0
1584,2011/10/16,3.0,16.0
1585,2011/10/17,4.0,17.0
1586,2011/10/14,11.0,21.0
1587,2011/10/15,7.0,18.0
1588,2009/03/15,8.0,12.0
1589,2009/03/14,3.0,10.0
1590,2009/03/17,11.0,12.0
1591,2016/04/04,6.0,13.0
1592,2009/03/11,3.0,10.0
1593,2009/09/17,9.0,21.0
1594,2009/03/18,5.0,10.0
1595,2014/09/06,6.0,24.0
1596,2014/09/07,4.0,78.0
1597,2014/09/04,7.0,25.0
1598,2014/09/05,6.0,25.0
1599,2014/09/02,7.0,24.0
1600,2014/09/03,6.0,24.0
1601,2014/09/01,7.0,24.0
1602,2008/06/26,6.0,24.0
1603,2013/03/30,23.0,17.0
1604,2014/09/08,5.0,26.0
1605,2014/09/09,8.0,28.0
1606,2013/09/30,11.0,22.0
1607,2015/06/12,10.0,24.0
1608,2016/02/21,3.0,9.0
1609,2009/02/18,8.0,10.0
1610,2009/02/17,6.0,8.0
1611,2009/02/14,7.0,8.0
1612,2016/02/20,4.0,8.0
1613,2009/02/12,4.0,7.0
1614,2009/02/10,17.0,14.0
1615,2009/02/11,27.0,12.0
1616,2006/11/24,20.0,19.0
1617,2006/11/25,5.0,18.0
1618,2006/11/26,5.0,17.0
1619,2009/01/24,43.0,15.0
1620,2016/04/12,5.0,14.0
1621,2016/04/13,13.0,18.0
1622,2012/12/31,5.0,8.0
1623,2012/12/30,5.0,10.0
1624,2013/08/31,9.0,23.0
1625,2013/08/30,9.0,22.0
1626,2010/12/19,4.0,12.0
1627,2010/12/18,3.0,6.0
1628,2010/12/11,3.0,10.0
1629,2010/12/10,9.0,10.0
1630,2010/12/13,10.0,10.0
1631,2010/12/12,4.0,8.0
1632,2010/12/15,13.0,4.0
1633,2010/03/01,16.0,14.0
1634,2010/04/05,5.0,10.0
1635,2010/11/18,7.0,10.0
1636,2010/11/19,2.0,10.0
1637,2010/11/10,19.0,15.0
1638,2010/11/11,12.0,13.0
1639,2010/11/12,4.0,14.0
1640,2010/11/13,4.0,14.0
1641,2010/11/14,11.0,16.0
1642,2010/11/15,18.0,16.0
1643,2010/11/16,18.0,14.0
1644,2010/11/17,5.0,11.0
1645,2007/03/17,7.0,12.0
1646,2009/02/09,12.0,12.0
1647,2012/07/31,7.0,25.0
1648,2012/07/30,7.0,24.0
1649,2008/03/30,8.0,14.0
1650,2009/04/19,6.0,12.0
1651,2016/04/16,9.0,16.0
1652,2007/03/11,19.0,14.0
1653,2007/03/10,15.0,10.0
1654,2013/07/29,14.0,30.0
1655,2013/07/28,10.0,26.0
1656,2013/07/25,5.0,26.0
1657,2013/07/24,6.0,26.0
1658,2013/07/27,8.0,28.0
1659,2013/07/26,7.0,28.0
1660,2013/07/21,11.0,28.0
1661,2013/07/20,10.0,28.0
1662,2013/07/23,6.0,26.0
1663,2013/07/22,6.0,27.0
1664,2009/04/10,5.0,12.0
1665,2009/04/11,14.0,12.0
1666,2009/04/12,6.0,10.0
1667,2009/04/13,10.0,14.0
1668,2009/05/28,10.0,19.0
1669,2009/05/26,9.0,20.0
1670,2009/05/24,7.0,22.0
1671,2009/05/25,7.0,20.0
1672,2009/05/22,6.0,22.0
1673,2009/05/23,6.0,25.0
1674,2009/05/21,8.0,24.0
1675,2012/01/31,7.0,7.0
1676,2009/04/17,10.0,15.0
1677,2012/01/30,8.0,6.0
1678,2013/05/30,12.0,14.0
1679,2013/05/31,21.0,19.0
1680,2013/06/08,10.0,20.0
1681,2013/06/09,15.0,20.0
1682,2013/06/01,15.0,20.0
1683,2013/06/02,5.0,18.0
1684,2013/06/03,7.0,17.0
1685,2013/06/04,5.0,17.0
1686,2013/06/05,7.0,20.0
1687,2013/06/06,10.0,20.0
1688,2013/06/07,6.0,18.0
1689,2016/01/28,4.0,12.0
1690,2016/01/29,4.0,12.0
1691,2009/06/29,5.0,22.0
1692,2013/01/29,3.0,8.0
1693,2013/01/28,16.0,12.0
1694,2013/01/27,4.0,8.0
1695,2016/01/23,4.0,12.0
1696,2013/01/25,10.0,7.0
1697,2016/01/21,3.0,10.0
1698,2013/01/23,26.0,9.0
1699,2013/01/22,16.0,7.0
1700,2013/01/21,13.0,9.0
1701,2013/01/20,19.0,9.0
1702,2013/04/02,10.0,12.0
1703,2013/04/03,6.0,12.0
1704,2013/04/01,16.0,17.0
1705,2013/04/06,16.0,10.0
1706,2013/04/07,9.0,12.0
1707,2013/04/04,12.0,16.0
1708,2013/04/05,6.0,13.0
1709,2013/04/08,11.0,12.0
1710,2013/04/09,9.0,14.0
1711,2016/02/17,6.0,7.0
1712,2014/02/18,19.0,14.0
1713,2014/02/19,14.0,12.0
1714,2009/04/09,5.0,12.0
1715,2014/02/14,8.0,14.0
1716,2014/02/15,4.0,12.0
1717,2014/02/16,6.0,12.0
1718,2014/02/17,6.0,11.0
1719,2014/02/10,24.0,12.0
1720,2014/02/11,15.0,10.0
1721,2014/02/12,13.0,12.0
1722,2014/02/13,11.0,14.0
1723,2009/06/05,9.0,20.0
1724,2009/06/04,5.0,20.0
1725,2009/06/07,10.0,20.0
1726,2009/06/06,16.0,22.0
1727,2009/06/09,10.0,23.0
1728,2009/06/08,7.0,18.0
1729,2011/06/27,6.0,25.0
1730,2009/11/11,12.0,16.0
1731,2009/07/28,21.0,28.0
1732,2009/07/29,5.0,24.0
1733,2009/07/24,5.0,26.0
1734,2009/07/25,23.0,26.0
1735,2009/07/26,7.0,24.0
1736,2009/07/27,7.0,26.0
1737,2014/04/18,6.0,14.0
1738,2014/04/19,9.0,18.0
1739,2014/04/12,10.0,18.0
1740,2014/04/13,9.0,18.0
1741,2014/04/10,5.0,15.0
1742,2014/04/11,3.0,14.0
1743,2014/04/16,7.0,16.0
1744,2014/04/17,8.0,14.0
1745,2014/04/14,5.0,16.0
1746,2014/04/15,5.0,16.0
1747,2012/09/01,6.0,19.0
1748,2010/03/02,8.0,11.0
1749,2008/09/28,9.0,19.0
1750,2010/11/24,4.0,10.0
1751,2008/09/21,6.0,20.0
1752,2008/09/20,7.0,20.0
1753,2008/09/26,9.0,16.0
1754,2012/09/05,5.0,22.0
1755,2010/03/06,21.0,10.0
1756,2010/03/07,5.0,8.0
1757,2011/10/09,5.0,18.0
1758,2011/10/08,10.0,18.0
1759,2011/10/01,8.0,22.0
1760,2011/10/03,4.0,20.0
1761,2011/10/02,6.0,22.0
1762,2011/10/05,2.0,20.0
1763,2011/10/04,3.0,22.0
1764,2011/10/07,8.0,20.0
1765,2011/10/06,4.0,20.0
1766,2012/12/28,4.0,12.0
1767,2012/12/29,4.0,10.0
1768,2012/12/22,8.0,11.0
1769,2012/12/23,3.0,10.0
1770,2012/12/20,7.0,13.0
1771,2012/12/21,5.0,13.0
1772,2012/12/26,9.0,12.0
1773,2012/12/27,6.0,10.0
1774,2012/12/24,2.0,12.0
1775,2012/12/25,3.0,13.0
1776,2014/09/15,6.0,26.0
1777,2014/09/14,5.0,24.0
1778,2014/09/17,6.0,26.0
1779,2014/09/16,6.0,26.0
1780,2014/09/11,12.0,26.0
1781,2014/09/10,7.0,25.0
1782,2014/09/13,7.0,25.0
1783,2014/09/12,6.0,26.0
1784,2014/09/19,6.0,25.0
1785,2014/09/18,6.0,24.0
1786,2013/09/27,6.0,24.0
1787,2013/09/26,4.0,22.0
1788,2013/09/25,4.0,21.0
1789,2013/09/24,5.0,20.0
1790,2013/09/23,5.0,21.0
1791,2013/09/22,4.0,21.0
1792,2013/09/21,4.0,22.0
1793,2013/09/20,5.0,22.0
1794,2010/10/26,9.0,13.0
1795,2009/02/04,13.0,10.0
1796,2010/10/24,5.0,16.0
1797,2009/02/06,17.0,10.0
1798,2009/02/01,8.0,8.0
1799,2010/10/23,4.0,18.0
1800,2010/10/20,3.0,14.0
1801,2013/09/28,6.0,76.0
1802,2014/08/18,5.0,24.0
1803,2014/08/19,6.0,24.0
1804,2014/08/16,9.0,21.0
1805,2014/08/17,6.0,22.0
1806,2014/08/14,11.0,25.0
1807,2014/08/15,5.0,23.0
1808,2014/08/12,12.0,28.0
1809,2014/08/13,13.0,29.0
1810,2014/08/10,7.0,26.0
1811,2014/08/11,8.0,28.0
1812,2009/03/28,7.0,14.0
1813,2009/03/20,6.0,10.0
1814,2009/03/21,7.0,10.0
1815,2009/03/22,4.0,9.0
1816,2009/03/23,7.0,10.0
1817,2009/03/24,8.0,10.0
1818,2009/03/25,8.0,12.0
1819,2008/02/09,7.0,8.0
1820,2010/12/29,4.0,10.0
1821,2010/12/24,20.0,11.0
1822,2010/12/25,9.0,6.0
1823,2008/02/02,9.0,12.0
1824,2010/12/27,3.0,6.0
1825,2010/12/20,8.0,10.0
1826,2008/02/06,4.0,9.0
1827,2010/12/23,15.0,14.0
1828,2010/11/07,4.0,16.0
1829,2010/11/06,3.0,16.0
1830,2010/11/05,7.0,16.0
1831,2010/11/03,4.0,14.0
1832,2010/11/01,9.0,10.0
1833,2008/03/29,6.0,13.0
1834,2008/03/24,28.0,12.0
1835,2008/03/21,13.0,8.0
1836,2008/03/23,13.0,9.0
1837,2008/03/22,11.0,14.0
1838,2013/02/04,6.0,6.0
1839,2014/07/27,4.0,78.0
1840,2014/07/24,4.0,79.0
1841,2013/02/07,21.0,10.0
1842,2014/07/22,9.0,24.0
1843,2013/02/01,6.0,12.0
1844,2014/07/20,12.0,28.0
1845,2013/02/03,19.0,7.0
1846,2009/09/28,9.0,19.0
1847,2009/09/29,11.0,22.0
1848,2013/02/08,6.0,6.0
1849,2013/02/09,9.0,6.0
1850,2014/07/28,6.0,26.0
1851,2014/07/29,11.0,24.0
1852,2013/07/10,6.0,24.0
1853,2013/07/11,5.0,26.0
1854,2013/07/12,6.0,25.0
1855,2013/07/13,3.0,78.0
1856,2013/07/14,6.0,24.0
1857,2013/07/15,6.0,26.0
1858,2013/07/16,6.0,26.0
1859,2013/07/17,6.0,26.0
1860,2013/07/18,6.0,26.0
1861,2013/07/19,6.0,28.0
1862,2009/05/31,8.0,20.0
1863,2009/05/30,6.0,20.0
1864,2010/07/19,5.0,25.0
1865,2013/05/23,12.0,16.0
1866,2013/05/22,12.0,18.0
1867,2013/05/21,10.0,14.0
1868,2013/05/20,5.0,15.0
1869,2013/05/27,7.0,15.0
1870,2013/05/26,9.0,14.0
1871,2013/05/25,10.0,14.0
1872,2013/05/24,10.0,16.0
1873,2013/05/29,9.0,17.0
1874,2013/05/28,8.0,17.0
1875,2009/08/01,6.0,24.0
1876,2013/06/19,13.0,22.0
1877,2013/06/18,9.0,23.0
1878,2013/06/17,8.0,26.0
1879,2013/06/16,9.0,26.0
1880,2013/06/15,5.0,24.0
1881,2013/06/14,8.0,22.0
1882,2013/06/13,6.0,22.0
1883,2013/06/12,7.0,20.0
1884,2013/06/11,7.0,19.0
1885,2013/06/10,10.0,20.0
1886,2006/12/09,12.0,11.0
1887,2006/12/08,14.0,13.0
1888,2016/01/31,5.0,10.0
1889,2016/01/30,4.0,12.0
1890,2006/12/05,9.0,14.0
1891,2006/12/02,5.0,15.0
1892,2006/03/17,5.0,12.0
1893,2013/04/11,9.0,14.0
1894,2013/04/10,6.0,16.0
1895,2013/04/13,5.0,14.0
1896,2013/04/12,9.0,14.0
1897,2013/04/15,10.0,18.0
1898,2013/04/14,9.0,14.0
1899,2013/04/17,3.0,16.0
1900,2013/04/16,4.0,14.0
1901,2013/04/19,11.0,16.0
1902,2013/04/18,4.0,16.0
1903,2008/04/05,7.0,9.0
1904,2008/04/02,7.0,12.0
1905,2016/03/08,11.0,8.0
1906,2014/02/03,8.0,7.0
1907,2014/02/02,16.0,10.0
1908,2014/02/01,4.0,8.0
1909,2006/03/19,11.0,14.0
1910,2014/02/07,13.0,12.0
1911,2014/02/06,4.0,10.0
1912,2014/02/05,19.0,12.0
1913,2014/02/04,11.0,9.0
1914,2014/02/09,12.0,12.0
1915,2014/02/08,23.0,10.0
1916,2009/06/30,6.0,23.0
1917,2014/03/22,11.0,14.0
1918,2014/03/23,20.0,13.0
1919,2014/03/20,9.0,12.0
1920,2014/03/21,5.0,12.0
1921,2014/03/26,18.0,10.0
1922,2014/03/27,6.0,9.0
1923,2014/03/24,16.0,13.0
1924,2014/03/25,16.0,14.0
1925,2014/03/28,8.0,10.0
1926,2014/03/29,21.0,15.0
1927,2008/01/23,9.0,10.0
1928,2008/01/20,3.0,10.0
1929,2008/01/27,7.0,10.0
1930,2008/01/26,5.0,8.0
1931,2008/01/25,3.0,9.0
1932,2015/08/04,8.0,28.0
1933,2007/11/25,20.0,12.0
1934,2008/10/22,12.0,20.0
1935,2009/07/31,7.0,24.0
1936,2014/12/08,5.0,10.0
1937,2008/05/29,8.0,18.0
1938,2015/08/05,7.0,26.0
1939,2008/05/25,16.0,19.0
1940,2014/12/09,24.0,11.0
1941,2008/05/22,6.0,17.0
1942,2008/05/20,11.0,18.0
1943,2014/04/09,14.0,17.0
1944,2014/04/08,5.0,16.0
1945,2008/12/31,7.0,10.0
1946,2014/04/01,4.0,14.0
1947,2014/04/03,17.0,14.0
1948,2014/04/02,8.0,18.0
1949,2014/04/05,8.0,14.0
1950,2014/04/04,22.0,16.0
1951,2014/04/07,4.0,15.0
1952,2014/04/06,6.0,14.0
1953,2014/12/02,5.0,12.0
1954,2014/12/03,4.0,12.0
1955,2006/10/29,3.0,22.0
1956,2006/10/28,7.0,22.0
1957,2006/10/22,8.0,20.0
1958,2008/03/11,13.0,16.0
1959,2010/03/30,20.0,15.0
1960,2007/10/07,4.0,20.0
1961,2007/03/01,6.0,16.0
1962,2011/10/30,17.0,20.0
1963,2011/10/31,3.0,17.0
1964,2014/09/28,5.0,20.0
1965,2014/09/29,4.0,24.0
1966,2014/09/20,5.0,28.0
1967,2014/09/21,4.0,26.0
1968,2014/09/22,7.0,24.0
1969,2014/09/23,7.0,22.0
1970,2014/09/24,4.0,22.0
1971,2014/09/25,13.0,20.0
1972,2014/09/26,4.0,20.0
1973,2014/09/27,5.0,20.0
1974,2015/12/30,4.0,10.0
1975,2015/12/31,3.0,12.0
1976,2010/10/31,28.0,18.0
1977,2010/10/30,12.0,15.0
1978,2014/08/09,9.0,28.0
1979,2014/08/08,6.0,27.0
1980,2014/08/05,6.0,25.0
1981,2014/08/04,8.0,25.0
1982,2014/08/07,6.0,26.0
1983,2014/08/06,8.0,26.0
1984,2014/08/01,8.0,25.0
1985,2014/08/03,8.0,25.0
1986,2014/08/02,10.0,26.0
1987,2009/03/02,4.0,11.0
1988,2010/10/04,20.0,22.0
1989,2011/09/20,7.0,20.0
1990,2007/10/27,11.0,15.0
1991,2007/12/28,8.0,8.0
1992,2014/03/16,7.0,14.0
1993,2013/02/12,14.0,10.0
1994,2016/04/28,9.0,16.0
1995,2009/03/31,3.0,11.0
1996,2010/12/30,7.0,10.0
1997,2008/02/17,8.0,8.0
1998,2008/02/11,6.0,8.0
1999,2008/02/10,5.0,8.0
2000,2014/01/19,9.0,10.0
2001,2016/02/08,9.0,10.0
2002,2016/04/24,9.0,18.0
2003,2011/04/19,7.0,15.0
2004,2008/03/10,13.0,10.0
2005,2014/01/15,4.0,9.0
2006,2008/03/12,5.0,14.0
2007,2008/03/13,5.0,13.0
2008,2008/03/14,4.0,12.0
2009,2007/10/28,15.0,18.0
2010,2008/03/16,7.0,13.0
2011,2014/01/14,9.0,9.0
2012,2016/04/21,13.0,18.0
2013,2016/02/07,11.0,11.0
2014,2016/04/20,18.0,18.0
2015,2013/02/19,8.0,10.0
2016,2013/02/18,3.0,13.0
2017,2013/02/13,9.0,10.0
2018,2016/02/01,4.0,14.0
2019,2013/02/11,21.0,10.0
2020,2013/02/10,19.0,11.0
2021,2013/02/17,3.0,9.0
2022,2013/02/16,3.0,10.0
2023,2013/02/15,6.0,10.0
2024,2013/02/14,4.0,9.0
2025,2016/04/25,8.0,16.0
2026,2009/09/30,4.0,22.0
2027,2016/04/27,6.0,16.0
2028,2016/04/26,7.0,15.0
2029,2014/07/31,7.0,23.0
2030,2014/07/30,9.0,22.0
2031,2016/04/23,9.0,16.0
2032,2016/04/22,6.0,14.0
2033,2016/02/02,3.0,11.0
2034,2012/04/09,6.0,12.0
2035,2016/05/12,13.0,16.0
2036,2013/07/07,5.0,23.0
2037,2013/07/06,7.0,22.0
2038,2013/07/05,7.0,24.0
2039,2013/07/04,7.0,24.0
2040,2013/07/03,5.0,23.0
2041,2013/07/02,8.0,22.0
2042,2013/07/01,7.0,22.0
2043,2013/07/09,8.0,24.0
2044,2013/07/08,7.0,25.0
2045,2005/12/31,6.0,10.0
2046,2014/06/30,8.0,21.0
2047,2009/05/01,10.0,16.0
2048,2009/05/02,11.0,16.0
2049,2009/05/03,5.0,16.0
2050,2009/05/04,5.0,16.0
2051,2009/05/06,8.0,17.0
2052,2009/05/07,6.0,16.0
2053,2009/05/08,5.0,17.0
2054,2009/05/09,9.0,19.0
2055,2008/10/11,17.0,22.0
2056,2016/05/19,7.0,18.0
2057,2009/09/11,6.0,22.0
2058,2016/05/18,7.0,16.0
2059,2011/12/29,4.0,8.0
2060,2011/12/28,3.0,8.0
2061,2011/12/25,3.0,10.0
2062,2011/12/24,3.0,10.0
2063,2011/12/27,4.0,10.0
2064,2011/12/26,4.0,8.0
2065,2011/12/21,4.0,12.0
2066,2011/12/20,12.0,13.0
2067,2011/12/23,2.0,11.0
2068,2011/12/22,12.0,14.0
2069,2016/01/08,17.0,16.0
2070,2016/01/09,11.0,15.0
2071,2016/01/04,23.0,17.0
2072,2016/01/05,12.0,12.0
2073,2016/01/06,12.0,10.0
2074,2016/01/07,32.0,16.0
2075,2008/06/17,8.0,22.0
2076,2016/01/01,4.0,12.0
2077,2016/01/02,16.0,14.0
2078,2016/01/03,10.0,10.0
2079,2013/04/24,16.0,14.0
2080,2013/04/25,27.0,16.0
2081,2013/04/26,13.0,16.0
2082,2013/04/27,7.0,14.0
2083,2013/04/20,12.0,14.0
2084,2013/04/21,6.0,56.0
2085,2013/04/22,5.0,14.0
2086,2013/04/23,10.0,12.0
2087,2013/04/28,21.0,14.0
2088,2013/04/29,12.0,14.0
2089,2008/04/13,7.0,12.0
2090,2016/03/06,9.0,9.0
2091,2016/03/07,6.0,9.0
2092,2016/03/04,11.0,10.0
2093,2016/03/05,19.0,12.0
2094,2016/03/02,8.0,12.0
2095,2016/03/03,19.0,13.0
2096,2016/03/01,11.0,12.0
2097,2009/06/23,7.0,20.0
2098,2009/06/21,6.0,22.0
2099,2009/06/20,16.0,25.0
2100,2009/06/27,10.0,24.0
2101,2009/06/26,6.0,23.0
2102,2009/06/25,6.0,22.0
2103,2016/03/09,7.0,8.0
2104,2007/12/02,4.0,11.0
2105,2008/12/03,10.0,8.0
2106,2007/12/09,13.0,14.0
2107,2014/03/31,4.0,14.0
2108,2014/03/30,6.0,13.0
2109,2011/11/02,5.0,18.0
2110,2011/11/03,7.0,21.0
2111,2011/11/01,3.0,18.0
2112,2011/11/06,13.0,14.0
2113,2011/11/07,6.0,15.0
2114,2011/11/04,11.0,18.0
2115,2011/11/05,18.0,16.0
2116,2011/11/09,3.0,15.0
2117,2009/02/15,10.0,8.0
2118,2007/11/10,6.0,14.0
2119,2007/11/11,6.0,12.0
2120,2007/11/17,4.0,8.0
2121,2007/11/18,7.0,8.0
2122,2012/06/01,6.0,22.0
2123,2015/09/15,7.0,22.0
2124,2014/04/30,6.0,19.0
2125,2012/06/09,14.0,22.0
2126,2012/06/08,10.0,23.0
2127,2016/05/07,11.0,16.0
2128,2007/10/14,6.0,16.0
2129,2007/10/13,11.0,18.0
2130,2007/10/12,18.0,20.0
2131,2011/10/23,6.0,17.0
2132,2011/10/22,5.0,16.0
2133,2011/10/21,5.0,16.0
2134,2011/10/20,14.0,16.0
2135,2011/10/27,8.0,19.0
2136,2011/10/26,5.0,16.0
2137,2011/10/25,20.0,20.0
2138,2011/10/24,10.0,20.0
2139,2011/10/29,14.0,20.0
2140,2010/03/22,8.0,14.0
2141,2011/08/12,5.0,22.0
2142,2012/12/08,14.0,11.0
2143,2012/12/09,3.0,9.0
2144,2012/12/04,9.0,10.0
2145,2012/12/05,18.0,12.0
2146,2012/12/06,15.0,11.0
2147,2012/12/07,6.0,8.0
2148,2012/12/01,13.0,9.0
2149,2012/12/02,10.0,8.0
2150,2012/12/03,11.0,12.0
2151,2015/12/21,3.0,14.0
2152,2015/12/20,3.0,14.0
2153,2015/12/23,3.0,13.0
2154,2015/12/22,2.0,12.0
2155,2015/12/25,2.0,12.0
2156,2015/12/24,2.0,14.0
2157,2015/12/27,3.0,12.0
2158,2015/12/26,3.0,12.0
2159,2015/12/29,4.0,12.0
2160,2015/12/28,5.0,12.0
2161,2010/03/23,4.0,14.0
2162,2009/02/27,3.0,8.0
2163,2010/10/01,4.0,20.0
2164,2010/10/02,5.0,20.0
2165,2010/10/03,5.0,21.0
2166,2010/02/09,9.0,10.0
2167,2009/02/22,8.0,8.0
2168,2010/10/06,6.0,20.0
2169,2010/10/08,5.0,22.0
2170,2010/10/09,5.0,22.0
2171,2009/02/28,4.0,8.0
2172,2014/08/30,16.0,28.0
2173,2014/08/31,8.0,28.0
2174,2010/03/20,3.0,16.0
2175,2012/02/17,3.0,8.0
2176,2010/03/28,4.0,11.0
2177,2015/05/22,9.0,14.0
2178,2010/03/26,12.0,14.0
2179,2012/09/27,9.0,20.0
2180,2014/07/21,9.0,25.0
2181,2010/03/24,6.0,15.0
2182,2010/03/25,6.0,14.0
2183,2015/05/29,7.0,19.0
2184,2012/09/23,5.0,23.0
2185,2015/11/06,4.0,16.0
2186,2015/11/07,3.0,16.0
2187,2015/11/04,5.0,16.0
2188,2015/11/05,4.0,16.0
2189,2015/11/02,17.0,18.0
2190,2015/11/03,13.0,18.0
2191,2015/11/01,8.0,16.0
2192,2010/03/21,5.0,16.0
2193,2015/11/08,3.0,16.0
2194,2015/11/09,3.0,16.0
2195,2012/10/06,4.0,21.0
2196,2012/10/07,6.0,21.0
2197,2012/10/04,5.0,21.0
2198,2012/10/05,9.0,22.0
2199,2012/10/02,6.0,20.0
2200,2012/10/03,4.0,20.0
2201,2008/03/01,6.0,12.0
2202,2012/10/01,6.0,18.0
2203,2008/03/09,8.0,10.0
2204,2012/10/09,4.0,22.0
2205,2014/07/08,9.0,22.0
2206,2014/07/09,7.0,24.0
2207,2014/07/01,8.0,24.0
2208,2014/07/02,8.0,25.0
2209,2014/07/03,16.0,27.0
2210,2014/07/04,20.0,26.0
2211,2014/07/05,4.0,73.0
2212,2014/07/06,7.0,22.0
2213,2014/07/07,8.0,26.0
2214,2009/09/04,7.0,26.0
2215,2009/09/05,24.0,24.0
2216,2009/09/06,8.0,24.0
2217,2009/09/07,8.0,23.0
2218,2009/09/01,7.0,25.0
2219,2009/09/02,7.0,25.0
2220,2009/09/03,5.0,26.0
2221,2009/09/08,8.0,23.0
2222,2016/04/07,7.0,14.0
2223,2014/06/29,12.0,24.0
2224,2014/06/28,6.0,26.0
2225,2014/06/25,18.0,24.0
2226,2014/06/24,9.0,24.0
2227,2014/06/27,7.0,23.0
2228,2014/06/26,7.0,22.0
2229,2014/06/21,8.0,23.0
2230,2014/06/20,6.0,24.0
2231,2014/06/23,9.0,26.0
2232,2014/06/22,9.0,26.0
2233,2009/05/17,5.0,16.0
2234,2009/05/16,6.0,14.0
2235,2010/09/30,5.0,20.0
2236,2009/05/12,6.0,20.0
2237,2009/05/10,7.0,21.0
2238,2011/05/30,7.0,22.0
2239,2011/05/31,7.0,22.0
2240,2009/05/19,6.0,18.0
2241,2007/08/15,7.0,24.0
2242,2011/12/10,3.0,13.0
2243,2011/12/11,2.0,11.0
2244,2011/12/12,3.0,11.0
2245,2011/12/13,10.0,10.0
2246,2011/12/14,16.0,14.0
2247,2011/12/15,5.0,12.0
2248,2011/12/16,24.0,11.0
2249,2011/12/17,30.0,14.0
2250,2011/12/18,15.0,11.0
2251,2011/12/19,7.0,8.0
2252,2016/01/13,5.0,11.0
2253,2016/01/12,12.0,12.0
2254,2016/01/11,23.0,16.0
2255,2016/01/10,27.0,16.0
2256,2016/01/17,4.0,6.0
2257,2016/01/16,14.0,6.0
2258,2016/01/15,8.0,8.0
2259,2016/01/14,13.0,10.0
2260,2016/01/19,8.0,10.0
2261,2016/01/18,4.0,8.0
2262,2008/04/20,15.0,15.0
2263,2008/04/23,6.0,14.0
2264,2008/04/26,7.0,15.0
2265,2008/04/27,10.0,16.0
2266,2008/04/28,7.0,15.0
2267,2008/04/29,12.0,17.0
2268,2014/05/02,9.0,18.0
2269,2014/05/03,11.0,18.0
2270,2014/05/01,8.0,17.0
2271,2014/05/06,6.0,16.0
2272,2014/05/07,6.0,17.0
2273,2014/05/04,8.0,15.0
2274,2014/05/05,6.0,14.0
2275,2014/05/08,9.0,18.0
2276,2014/05/09,7.0,20.0
2277,2016/03/15,5.0,8.0
2278,2016/03/17,5.0,10.0
2279,2016/03/18,4.0,12.0
2280,2007/12/13,4.0,8.0
2281,2007/12/12,8.0,7.0
2282,2007/12/15,7.0,6.0
2283,2007/12/14,4.0,7.0
2284,2014/03/04,30.0,13.0
2285,2014/03/05,7.0,54.0
2286,2014/03/06,5.0,9.0
2287,2014/03/07,4.0,10.0
2288,2014/03/01,23.0,13.0
2289,2014/03/02,6.0,12.0
2290,2014/01/09,1.0,10.0
2291,2016/02/16,17.0,8.0
2292,2014/01/07,2.0,12.0
2293,2016/02/14,23.0,14.0
2294,2016/02/15,9.0,10.0
2295,2014/03/08,5.0,9.0
2296,2014/03/09,12.0,11.0
2297,2016/02/10,30.0,16.0
2298,2016/02/11,8.0,16.0
2299,2011/11/11,3.0,16.0
2300,2011/11/10,3.0,14.0
2301,2011/11/13,7.0,17.0
2302,2011/11/12,5.0,16.0
2303,2011/11/15,7.0,16.0
2304,2011/11/14,9.0,17.0
2305,2011/11/17,11.0,16.0
2306,2011/11/16,9.0,16.0
2307,2011/11/19,6.0,15.0
2308,2011/11/18,4.0,14.0
2309,2008/06/14,7.0,20.0
2310,2007/11/04,5.0,13.0
2311,2007/11/03,4.0,12.0
2312,2009/08/23,5.0,26.0
2313,2007/11/09,6.0,13.0
2314,2009/08/22,5.0,26.0
2315,2014/04/23,8.0,16.0
2316,2014/04/22,6.0,18.0
2317,2014/04/21,7.0,18.0
2318,2014/04/20,15.0,18.0
2319,2014/04/27,13.0,16.0
2320,2014/04/26,10.0,16.0
2321,2014/04/25,11.0,16.0
2322,2014/04/24,5.0,15.0
2323,2014/04/29,7.0,16.0
2324,2014/04/28,11.0,16.0
2325,2012/12/13,7.0,13.0
2326,2012/12/12,4.0,8.0
2327,2012/12/11,4.0,10.0
2328,2012/12/10,4.0,10.0
2329,2012/12/17,12.0,14.0
2330,2012/12/16,12.0,16.0
2331,2012/12/15,16.0,17.0
2332,2012/12/14,22.0,16.0
2333,2012/09/28,25.0,22.0
2334,2012/12/19,3.0,12.0
2335,2012/12/18,9.0,13.0
2336,2015/12/14,3.0,10.0
2337,2015/12/15,3.0,12.0
2338,2015/12/16,2.0,14.0
2339,2015/12/17,1.0,12.0
2340,2015/12/10,2.0,10.0
2341,2015/12/11,2.0,10.0
2342,2015/12/12,3.0,10.0
2343,2015/12/13,4.0,13.0
2344,2015/12/18,2.0,14.0
2345,2015/12/19,2.0,14.0
2346,2010/10/17,6.0,13.0
2347,2010/10/16,4.0,16.0
2348,2010/10/15,3.0,18.0
2349,2010/10/14,3.0,18.0
2350,2010/10/13,10.0,20.0
2351,2010/10/12,13.0,18.0
2352,2010/10/11,4.0,18.0
2353,2012/09/29,13.0,22.0
2354,2010/10/18,6.0,14.0
2355,2014/08/27,5.0,25.0
2356,2014/08/26,5.0,24.0
2357,2014/08/25,6.0,24.0
2358,2014/08/24,8.0,24.0
2359,2014/08/23,10.0,26.0
2360,2014/08/22,8.0,22.0
2361,2014/08/21,8.0,24.0
2362,2014/08/20,8.0,25.0
2363,2014/08/29,5.0,27.0
2364,2014/08/28,5.0,80.0
2365,2014/01/03,10.0,15.0
2366,2016/05/20,10.0,18.0
2367,2009/06/28,5.0,22.0
2368,2012/11/18,4.0,16.0
2369,2012/11/19,8.0,14.0
2370,2012/11/16,3.0,15.0
2371,2012/11/17,7.0,15.0
2372,2012/11/14,16.0,17.0
2373,2012/11/15,10.0,18.0
2374,2012/11/12,25.0,15.0
2375,2012/11/13,32.0,17.0
2376,2012/11/10,14.0,18.0
2377,2012/11/11,13.0,15.0
2378,2015/11/15,5.0,14.0
2379,2015/11/14,3.0,15.0
2380,2015/11/17,2.0,14.0
2381,2015/11/16,3.0,13.0
2382,2015/11/11,2.0,15.0
2383,2015/11/10,3.0,14.0
2384,2015/11/13,4.0,16.0
2385,2015/11/12,4.0,15.0
2386,2009/06/24,6.0,20.0
2387,2015/11/19,3.0,13.0
2388,2015/11/18,2.0,14.0
2389,2012/10/15,16.0,16.0
2390,2012/10/14,8.0,18.0
2391,2012/10/17,6.0,19.0
2392,2012/10/16,5.0,16.0
2393,2012/10/11,5.0,22.0
2394,2012/10/10,4.0,21.0
2395,2012/10/13,10.0,19.0
2396,2015/10/19,9.0,20.0
2397,2015/10/16,4.0,14.0
2398,2015/10/17,4.0,18.0
2399,2015/10/14,14.0,16.0
2400,2015/10/15,4.0,16.0
2401,2015/10/12,5.0,22.0
2402,2012/10/18,12.0,22.0
2403,2015/10/10,7.0,18.0
2404,2015/10/11,5.0,18.0
2405,2009/09/19,10.0,20.0
2406,2009/09/18,19.0,20.0
2407,2014/07/19,5.0,82.0
2408,2014/07/18,6.0,27.0
2409,2014/07/17,7.0,24.0
2410,2014/07/16,6.0,24.0
2411,2014/11/30,11.0,16.0
2412,2014/07/14,6.0,24.0
2413,2014/07/13,8.0,22.0
2414,2014/07/12,8.0,22.0
2415,2014/07/11,8.0,22.0
2416,2014/07/10,8.0,22.0
2417,2006/05/20,7.0,17.0
2418,2010/08/19,5.0,27.0
2419,2006/05/25,6.0,17.0
2420,2014/06/10,6.0,23.0
2421,2014/06/11,8.0,25.0
2422,2014/06/12,6.0,24.0
2423,2014/06/13,8.0,24.0
2424,2014/06/14,7.0,24.0
2425,2014/06/15,13.0,22.0
2426,2014/06/16,8.0,22.0
2427,2014/06/17,6.0,22.0
2428,2014/06/18,9.0,20.0
2429,2014/06/19,6.0,23.0
2430,2012/02/10,8.0,6.0
2431,2011/05/29,6.0,20.0
2432,2011/05/28,13.0,22.0
2433,2012/02/11,11.0,4.0
2434,2011/05/21,11.0,20.0
2435,2011/05/20,13.0,20.0
2436,2011/05/23,5.0,20.0
2437,2011/05/22,5.0,20.0
2438,2011/05/25,5.0,20.0
2439,2011/05/24,7.0,22.0
2440,2011/05/27,7.0,22.0
2441,2011/05/26,5.0,20.0
2442,2012/02/14,5.0,4.0
2443,2010/08/15,6.0,22.0
2444,2009/10/09,4.0,22.0
2445,2010/05/13,8.0,15.0
2446,2011/09/30,4.0,22.0
2447,2009/10/02,3.0,20.0
2448,2009/10/03,5.0,20.0
2449,2009/10/01,3.0,22.0
2450,2009/10/06,3.0,20.0
2451,2009/10/07,2.0,22.0
2452,2009/10/04,3.0,18.0
2453,2009/10/05,2.0,21.0
2454,2011/12/07,6.0,12.0
2455,2011/12/06,6.0,14.0
2456,2011/12/05,14.0,14.0
2457,2011/12/04,6.0,14.0
2458,2011/12/03,7.0,14.0
2459,2011/12/02,7.0,15.0
2460,2011/12/01,4.0,14.0
2461,2010/02/06,7.0,10.0
2462,2010/02/05,11.0,12.0
2463,2011/12/09,1.0,12.0
2464,2011/12/08,2.0,12.0
2465,2012/03/24,5.0,12.0
2466,2012/08/04,8.0,25.0
2467,2013/08/14,9.0,26.0
2468,2010/02/03,2.0,7.0
2469,2010/09/26,6.0,19.0
2470,2010/05/18,7.0,14.0
2471,2011/09/07,5.0,24.0
2472,2013/08/16,7.0,26.0
2473,2012/08/01,5.0,25.0
2474,2011/09/06,9.0,24.0
2475,2010/09/20,4.0,20.0
2476,2012/04/23,6.0,15.0
2477,2005/09/21,6.0,17.0
2478,2012/03/21,10.0,16.0
2479,2012/04/22,8.0,16.0
2480,2006/03/16,4.0,10.0
2481,2012/03/22,9.0,12.0
2482,2008/04/30,8.0,18.0
2483,2011/09/03,9.0,25.0
2484,2006/03/18,14.0,12.0
2485,2013/08/12,6.0,24.0
2486,2011/09/02,7.0,27.0
2487,2014/05/11,5.0,19.0
2488,2014/05/10,5.0,18.0
2489,2014/05/13,14.0,16.0
2490,2014/05/12,14.0,20.0
2491,2014/05/15,7.0,16.0
2492,2014/05/14,9.0,15.0
2493,2014/05/17,9.0,16.0
2494,2014/05/16,7.0,16.0
2495,2014/05/19,7.0,16.0
2496,2014/05/18,4.0,14.0
2497,2008/06/10,12.0,21.0
2498,2012/03/28,6.0,14.0
2499,2013/08/18,6.0,26.0
2500,2014/03/19,12.0,14.0
2501,2014/03/18,4.0,12.0
2502,2007/12/22,12.0,14.0
2503,2014/03/13,13.0,12.0
2504,2014/03/12,7.0,10.0
2505,2014/03/11,7.0,10.0
2506,2014/03/10,3.0,10.0
2507,2014/03/17,3.0,10.0
2508,2007/12/29,4.0,8.0
2509,2014/03/15,5.0,12.0
2510,2014/03/14,9.0,12.0
2511,2010/10/22,3.0,15.0
2512,2016/02/09,21.0,12.0
2513,2014/01/18,11.0,14.0
2514,2016/02/05,7.0,10.0
2515,2016/02/04,17.0,11.0
2516,2014/01/17,11.0,12.0
2517,2016/02/06,5.0,11.0
2518,2014/01/11,4.0,12.0
2519,2014/01/10,6.0,14.0
2520,2016/02/03,5.0,12.0
2521,2014/01/12,2.0,12.0
2522,2011/11/24,6.0,14.0
2523,2011/11/25,6.0,13.0
2524,2011/11/26,5.0,13.0
2525,2011/11/27,5.0,13.0
2526,2011/11/20,10.0,16.0
2527,2011/11/21,9.0,16.0
2528,2011/11/23,9.0,15.0
2529,2011/11/28,11.0,14.0
2530,2011/11/29,8.0,16.0
2531,2012/03/30,5.0,13.0
2532,2016/03/21,9.0,13.0
2533,2016/03/22,10.0,12.0
2534,2016/03/23,12.0,11.0
2535,2016/03/24,7.0,11.0
2536,2016/03/25,6.0,10.0
2537,2016/03/26,6.0,12.0
2538,2016/03/27,9.0,16.0
2539,2010/06/09,6.0,22.0
2540,2010/06/08,6.0,20.0
2541,2015/12/09,6.0,12.0
2542,2015/12/08,3.0,14.0
2543,2015/12/03,3.0,12.0
2544,2015/12/02,1.0,10.0
2545,2015/12/01,2.0,10.0
2546,2015/12/07,3.0,12.0
2547,2015/12/06,3.0,14.0
2548,2015/12/05,2.0,12.0
2549,2015/12/04,3.0,12.0
2550,2014/09/30,5.0,22.0
2551,2010/06/07,9.0,22.0
2552,2010/06/06,6.0,21.0
2553,2015/07/28,9.0,29.0
2554,2008/10/30,22.0,13.0
2555,2012/11/09,7.0,18.0
2556,2012/11/08,4.0,14.0
2557,2012/11/05,12.0,16.0
2558,2012/11/04,9.0,20.0
2559,2012/11/07,9.0,12.0
2560,2012/11/06,2.0,14.0
2561,2012/11/01,18.0,16.0
2562,2012/11/03,6.0,15.0
2563,2012/11/02,7.0,14.0
2564,2006/11/05,6.0,17.0
2565,2010/09/24,7.0,22.0
2566,2007/05/17,8.0,19.0
2567,2007/05/11,7.0,16.0
2568,2007/05/10,6.0,17.0
2569,2010/10/29,3.0,14.0
2570,2007/02/03,6.0,10.0
2571,2007/02/02,6.0,10.0
2572,2012/01/16,7.0,8.0
2573,2008/11/11,4.0,14.0
2574,2010/11/25,3.0,9.0
2575,2010/09/25,9.0,20.0
2576,2009/01/21,6.0,6.0
2577,2014/12/30,10.0,6.0
2578,2008/11/17,4.0,10.0
2579,2010/11/26,7.0,10.0
2580,2008/11/15,7.0,12.0
2581,2010/11/21,15.0,12.0
2582,2010/11/23,13.0,12.0
2583,2010/11/22,9.0,12.0
2584,2009/10/14,5.0,15.0
2585,2009/02/21,3.0,8.0
2586,2010/10/10,9.0,20.0
2587,2012/07/11,8.0,25.0
2588,2012/07/13,6.0,24.0
2589,2012/07/12,12.0,26.0
2590,2013/06/24,9.0,22.0
2591,2013/06/28,6.0,20.0
2592,2010/09/21,5.0,22.0
2593,2010/03/17,5.0,10.0
2594,2015/08/06,6.0,28.0
2595,2015/08/07,6.0,28.0
2596,2015/08/01,18.0,28.0
2597,2015/08/02,13.0,26.0
2598,2015/08/03,7.0,26.0
2599,2015/08/08,8.0,28.0
2600,2015/08/09,9.0,26.0
2601,2012/09/19,13.0,22.0
2602,2012/09/18,4.0,22.0
2603,2010/09/22,5.0,22.0
2604,2010/02/18,15.0,13.0
2605,2010/04/25,4.0,16.0
2606,2010/04/23,11.0,16.0
2607,2010/04/21,4.0,15.0
2608,2010/05/07,6.0,13.0
2609,2010/04/29,5.0,16.0
2610,2010/04/28,7.0,16.0
2611,2015/04/02,10.0,14.0
2612,2013/05/13,6.0,14.0
2613,2013/05/16,8.0,17.0
2614,2013/05/17,12.0,15.0
2615,2013/05/14,6.0,18.0
2616,2010/02/11,11.0,5.0
2617,2010/02/12,5.0,4.0
2618,2010/02/13,5.0,4.0
2619,2009/01/22,13.0,11.0
2620,2008/07/19,8.0,24.0
2621,2010/02/14,12.0,6.0
2622,2008/07/12,9.0,25.0
2623,2012/03/12,4.0,10.0
2624,2010/02/16,8.0,12.0
2625,2013/02/28,14.0,8.0
2626,2013/01/07,3.0,10.0
2627,2013/01/01,17.0,13.0
2628,2010/09/17,5.0,23.0
2629,2013/01/03,15.0,10.0
2630,2013/01/02,5.0,8.0
2631,2013/01/09,5.0,9.0
2632,2013/01/08,3.0,9.0
2633,2010/09/19,5.0,20.0
2634,2010/09/18,8.0,24.0
2635,2011/09/17,7.0,24.0
2636,2016/05/23,13.0,16.0
2637,2009/04/25,8.0,15.0
2638,2009/04/26,10.0,16.0
2639,2009/04/23,6.0,15.0
2640,2009/10/28,2.0,18.0
2641,2009/04/29,8.0,14.0
2642,2009/04/28,6.0,14.0
2643,2010/09/28,5.0,18.0
2644,2015/03/25,9.0,10.0
2645,2015/03/24,14.0,16.0
2646,2015/03/20,27.0,14.0
2647,2008/01/13,9.0,8.0
2648,2007/06/30,7.0,22.0
2649,2011/04/29,11.0,17.0
2650,2010/09/29,4.0,19.0
2651,2009/07/09,7.0,23.0
2652,2009/07/03,6.0,24.0
2653,2009/07/01,5.0,24.0
2654,2009/07/04,5.0,25.0
2655,2009/07/05,6.0,26.0
2656,2008/05/17,7.0,18.0
2657,2008/05/14,8.0,16.0
2658,2009/08/18,5.0,26.0
2659,2009/08/19,9.0,28.0
2660,2008/05/10,15.0,17.0
2661,2008/05/11,10.0,14.0
2662,2009/08/14,5.0,25.0
2663,2009/08/15,6.0,26.0
2664,2009/08/16,6.0,26.0
2665,2009/08/17,7.0,24.0
2666,2009/08/10,13.0,25.0
2667,2009/08/11,13.0,25.0
2668,2009/08/12,13.0,26.0
2669,2009/08/13,8.0,26.0
2670,2009/01/08,8.0,5.0
2671,2009/01/09,9.0,9.0
2672,2009/01/04,13.0,8.0
2673,2009/01/06,6.0,8.0
2674,2009/01/01,4.0,11.0
2675,2009/01/02,4.0,11.0
2676,2009/01/03,3.0,10.0
2677,2006/10/12,11.0,20.0
2678,2006/10/13,5.0,19.0
2679,2008/09/04,10.0,26.0
2680,2006/10/14,9.0,20.0
2681,2006/10/15,6.0,19.0
2682,2008/09/08,9.0,24.0
2683,2009/03/06,30.0,10.0
2684,2009/03/07,8.0,8.0
2685,2009/03/04,13.0,12.0
2686,2009/03/05,28.0,10.0
2687,2016/04/06,28.0,16.0
2688,2009/03/01,5.0,10.0
2689,2009/03/08,13.0,12.0
2690,2007/01/27,23.0,9.0
2691,2007/01/20,4.0,11.0
2692,2007/01/21,9.0,12.0
2693,2007/01/28,12.0,10.0
2694,2016/04/05,13.0,16.0
2695,2013/09/08,8.0,26.0
2696,2006/11/19,6.0,14.0
2697,2008/08/24,8.0,23.0
2698,2008/08/27,8.0,24.0
2699,2007/05/27,9.0,20.0
2700,2007/05/28,26.0,18.0
2701,2010/06/16,6.0,18.0
2702,2010/06/17,5.0,18.0
2703,2010/06/11,6.0,20.0
2704,2010/06/12,6.0,18.0
2705,2010/06/13,6.0,20.0
2706,2010/09/11,6.0,20.0
2707,2010/02/24,24.0,16.0
2708,2008/05/26,8.0,18.0
2709,2013/08/26,6.0,22.0
2710,2010/12/08,5.0,16.0
2711,2010/12/02,8.0,10.0
2712,2010/12/03,6.0,5.0
2713,2010/12/01,22.0,13.0
2714,2010/12/06,11.0,14.0
2715,2010/12/04,6.0,8.0
2716,2010/12/05,5.0,9.0
2717,2010/09/10,6.0,20.0
2718,2008/02/24,7.0,10.0
2719,2008/02/23,4.0,10.0
2720,2010/09/13,6.0,22.0
2721,2010/11/29,5.0,6.0
2722,2010/11/28,5.0,9.0
2723,2013/06/30,6.0,21.0
2724,2010/09/12,5.0,20.0
2725,2013/02/22,18.0,14.0
2726,2013/02/23,12.0,8.0
2727,2013/02/20,4.0,10.0
2728,2015/08/18,12.0,24.0
2729,2013/02/26,7.0,6.0
2730,2013/02/25,7.0,5.0
2731,2015/08/13,8.0,26.0
2732,2015/08/12,7.0,26.0
2733,2015/08/11,8.0,24.0
2734,2015/08/10,7.0,26.0
2735,2015/08/17,4.0,23.0
2736,2015/08/16,6.0,22.0
2737,2015/08/15,6.0,21.0
2738,2015/08/14,10.0,27.0
2739,2009/10/15,12.0,16.0
2740,2010/09/15,6.0,21.0
2741,2008/04/06,6.0,11.0
2742,2012/01/12,2.0,10.0
2743,2013/05/03,8.0,14.0
2744,2008/07/02,7.0,24.0
2745,2010/09/16,7.0,22.0
2746,2008/07/05,7.0,24.0
2747,2009/09/20,5.0,20.0
2748,2012/03/27,10.0,14.0
2749,2008/06/22,9.0,24.0
2750,2006/12/26,3.0,10.0
2751,2016/04/18,11.0,18.0
2752,2006/12/28,3.0,10.0
2753,2012/03/20,22.0,12.0
2754,2009/04/18,5.0,12.0
2755,2014/02/28,14.0,11.0
2756,2016/04/19,17.0,16.0
2757,2014/02/21,5.0,11.0
2758,2014/02/24,6.0,11.0
2759,2014/02/27,8.0,8.0
2760,2009/06/12,10.0,24.0
2761,2009/06/13,5.0,24.0
2762,2009/06/10,5.0,19.0
2763,2009/06/11,6.0,22.0
2764,2009/06/16,13.0,25.0
2765,2009/06/18,7.0,24.0
2766,2009/06/19,5.0,24.0
2767,2008/12/30,5.0,11.0
2768,2009/09/27,10.0,22.0
2769,2008/01/05,10.0,12.0
2770,2015/10/18,4.0,19.0
2771,2009/09/24,5.0,21.0
2772,2009/07/18,10.0,23.0
2773,2012/10/19,10.0,24.0
2774,2009/07/12,6.0,25.0
2775,2009/07/14,10.0,27.0
2776,2009/07/17,12.0,28.0
2777,2015/10/13,6.0,19.0
2778,2008/05/05,7.0,16.0
2779,2009/09/25,4.0,20.0
2780,2008/05/06,8.0,18.0
2781,2008/05/01,10.0,16.0
2782,2009/08/06,7.0,24.0
2783,2008/05/03,10.0,19.0
2784,2009/08/09,7.0,25.0
2785,2009/08/08,9.0,26.0
2786,2007/03/09,10.0,13.0
2787,2009/01/12,5.0,8.0
2788,2009/01/11,9.0,8.0
2789,2009/01/10,5.0,8.0
2790,2009/01/17,4.0,10.0
2791,2009/01/16,6.0,9.0
2792,2009/01/15,9.0,8.0
2793,2009/01/18,8.0,8.0
2794,2009/08/07,8.0,25.0
2795,2010/07/13,6.0,24.0
2796,2006/10/08,6.0,22.0
2797,2016/04/08,6.0,10.0
2798,2007/10/26,5.0,15.0
2799,2009/09/13,6.0,22.0
2800,2011/10/18,4.0,18.0
